modelo,marca,ano,quilometragem,potenciamotor,combustivel,cambio,direcao,cor,portas,finalplaca,vidroeletrico,travaeletrica,arcondicionado,direcaohidraulica,som,airbag,alarme,sensorre,camerare,blindado,valor
PEUGEOT 207 SED. PASSION XR SPORT 1.4 FLEX 8V 4P,PEUGEOT,2012,100000,1.4,Flex,Manual,Hidráulica,Prata,4,4,1,1,1,1,1,0,1,1,0,0,20900.0
PEUGEOT 208 ACTIVE/ACTIVE PACK 1.5 FLEX 8V 5P,PEUGEOT,2014,76400,1.5,Flex,Manual,Assistida,Branco,4,4,1,1,1,0,1,0,1,0,0,0,32500.0
PEUGEOT 207 XS 1.6 FLEX 16V 5P AUT.,PEUGEOT,2010,94000,1.6,Flex,Automático,Hidráulica,Prata,4,6,1,1,1,1,1,0,1,0,0,0,15000.0
PEUGEOT 2008 ALLURE 1.6 FLEX 16V 5P AUT.,PEUGEOT,2019,57000,1.6,Flex,Automático,Elétrica,Branco,4,6,1,1,1,1,1,1,1,1,1,0,53000.0
PEUGEOT 207 SW ESCAPADE 1.6 16V FLEX 5P,PEUGEOT,2013,0,1.0,Flex,Manual,Hidráulica,Cinza,4,4,1,1,1,1,0,0,1,0,0,0,0.0
PEUGEOT 206 PRESENCE 1.4/ 1.4 FLEX 8V 5P,PEUGEOT,2007,1,1.4,Flex,Manual,Hidráulica,Prata,4,6,1,0,1,1,0,0,0,0,0,0,14900.0
PEUGEOT 207 XR SPORT 1.4 FLEX 8V 5P,PEUGEOT,2011,72000,1.4,Flex,Manual,Hidráulica,Prata,4,2,1,1,0,1,1,0,1,0,0,0,16000.0
PEUGEOT 208 ACTIVE/ACTIVE PACK 1.5 FLEX 8V 5P,PEUGEOT,2015,67000,1.5,Flex,Manual,Elétrica,Branco,4,0,1,1,1,1,1,1,1,0,0,0,33000.0
PEUGEOT 2008 ALLURE 1.6 FLEX 16V 5P AUT.,PEUGEOT,2018,56000,1.6,Flex,Automático,Elétrica,Prata,4,9,1,1,1,0,1,1,1,1,0,0,53900.0
PEUGEOT 207 XR 1.4 FLEX 8V 5P,PEUGEOT,2014,45000,1.4,Flex,Manual,Hidráulica,Branco,4,9,1,1,1,1,1,0,1,0,0,0,25900.0
PEUGEOT 207 XR 1.4 FLEX 8V 5P,PEUGEOT,2010,126,1.4,Flex,Manual,Hidráulica,Cinza,4,0,1,1,1,1,0,1,1,1,0,0,6500.0
PEUGEOT 307 SED. PRESENCE 1.6 FLEX 16V 4P,PEUGEOT,2011,122000,1.6,Flex,Manual,Hidráulica,Prata,4,9,0,0,1,0,1,1,0,1,0,0,21500.0
PEUGEOT 307 MILLESIM200 1.6 FLEX 16V 5P,PEUGEOT,2010,121000,1.6,Flex,Manual,Hidráulica,Prata,4,9,1,1,1,1,1,1,1,1,0,0,21000.0
PEUGEOT 207 SEDAN PASSION XR 1.4 FLEX 8V 4P,PEUGEOT,2009,10000000,1.4,Flex,Manual,Hidráulica,Verde,4,3,1,1,1,1,1,0,0,0,0,0,16000.0
PEUGEOT 307 SOLEIL/ PRESENCE 1.6/1.6 FLEX 16V 5P,PEUGEOT,2009,100000,1.6,Flex,Manual,Elétrica,Preto,4,7,1,1,1,1,0,1,1,0,0,0,14000.0
PEUGEOT 207 XR 1.4 FLEX 8V 5P,PEUGEOT,2011,133300,1.4,Flex,Manual,Hidráulica,Cinza,4,5,1,1,1,1,0,1,1,0,0,0,18900.0
PEUGEOT 207 ACTIVE 1.4 FLEX 8V 5P,PEUGEOT,2013,100000,1.4,Flex,Manual,Hidráulica,Branco,4,2,1,1,1,1,0,0,0,0,0,0,22000.0
PEUGEOT 208 ACTIVE 1.2 FLEX 12V 5P MEC.,PEUGEOT,2017,57000,1.2,Flex,Manual,Assistida,Branco,4,9,1,1,1,0,1,1,1,1,0,0,36900.0
PEUGEOT 207 XR 1.4 FLEX 8V 5P,PEUGEOT,2013,100000,1.4,Flex,Manual,Hidráulica,Prata,4,2,1,1,1,1,1,1,1,1,0,0,23990.0
PEUGEOT 206 SOLEIL 1.0 16V 5P,PEUGEOT,2003,44000000,1.0,Gasolina,Manual,Hidráulica,Preto,4,5,0,1,1,1,1,1,0,0,0,0,6000.0
PEUGEOT 206 HOLIDAY 1.4 8V 75CV 3P,PEUGEOT,2000,14700,1.4,Gasolina,Manual,Hidráulica,Prata,2,2,1,1,1,1,0,1,0,0,0,0,7500.0
PEUGEOT 2008 ALLURE 1.6 FLEX 16V 5P MEC.,PEUGEOT,2017,95000,1.6,Flex,Manual,Elétrica,Prata,4,6,1,1,1,0,1,1,1,1,0,0,43000.0
PEUGEOT 207 XR 1.4 FLEX 8V 5P,PEUGEOT,2011,97000,1.4,Flex,Manual,Hidráulica,Prata,4,0,1,1,1,1,1,1,1,0,0,0,21500.0
PEUGEOT 207 XR 1.4 FLEX 8V 5P,PEUGEOT,2010,1,1.6,Gasolina,Manual,Hidráulica,Prata,4,1,1,0,1,1,0,0,0,0,0,0,16900.0
PEUGEOT 408 SEDAN ALLURE 2.0 FLEX 16V 4P AUT.,PEUGEOT,2012,85,2.0,Flex,Automático,Hidráulica,Azul,4,8,1,1,1,1,1,1,1,1,0,0,35000.0
PEUGEOT 207 SW XR 1.4 FLEX 8V 5P,PEUGEOT,2012,556,1.0,Flex,Manual,Hidráulica,Prata,2,6,1,1,1,0,1,1,1,0,0,0,16000.0
PEUGEOT 207 SED. PASSION XR SPORT 1.4 FLEX 8V 4P,PEUGEOT,2010,146000,1.4,Flex,Manual,Hidráulica,Cinza,4,3,1,1,1,1,1,0,1,0,0,0,8500.0
PEUGEOT BOXER 2.3 MINIBUS 15/16L TB DIESEL.,PEUGEOT,2014,194000,2.0,Diesel,Manual,Hidráulica,Cinza,4,5,1,1,1,1,1,0,1,0,1,0,65000.0
PEUGEOT 207 SED. PASSION XR SPORT 1.4 FLEX 8V 4P,PEUGEOT,2012,85000,1.6,Gasolina,Manual,Hidráulica,Verde,4,6,1,1,1,1,1,1,1,0,0,0,20000.0
PEUGEOT 408 SEDAN ALLURE 2.0 FLEX 16V 4P MEC.,PEUGEOT,2013,190000,2.0,Flex,Manual,Elétrica,Branco,4,3,1,1,1,1,1,1,1,1,1,0,27000.0
PEUGEOT 207 SW XR SPORT 1.4 FLEX 8V 5P,PEUGEOT,2009,123000,1.4,Flex,Manual,Hidráulica,Preto,4,9,1,1,1,1,0,1,0,0,0,0,14000.0
PEUGEOT 2008 GRIFFE 1.6 FLEX 16V 5P AUT.,PEUGEOT,2020,12200,1.6,Flex,Automático,Hidráulica,Prata,4,0,1,1,1,1,1,1,0,0,0,0,79900.0
PEUGEOT 207 XR 1.4 FLEX 8V 5P,PEUGEOT,2009,144751,1.4,Flex,Manual,Hidráulica,Preto,4,7,1,1,1,1,0,1,1,0,0,0,16900.0
PEUGEOT 206 HOLIDAY 1.4 8V 75CV 3P,PEUGEOT,2008,197000,1.4,Flex,Manual,Hidráulica,Vermelho,4,9,1,0,1,1,1,0,0,0,0,0,7500.0
PEUGEOT 206 PRESENCE 1.4/ 1.4 FLEX 8V 5P,PEUGEOT,2008,206613,1.4,Flex,Manual,Hidráulica,Cinza,4,9,1,1,1,1,1,0,1,0,0,0,14700.0
PEUGEOT 207 XR 1.4 FLEX 8V 5P,PEUGEOT,2009,200000,1.4,Flex,Manual,Hidráulica,Preto,4,8,1,1,1,1,1,0,0,0,0,0,16500.0
PEUGEOT BOXER 2.3 LH EXECUTIVE 15/16L TB DIESEL,PEUGEOT,2012,0,3.0,Diesel,Manual,Hidráulica,Branco,4,4,0,0,1,1,1,0,1,0,0,0,65000.0
PEUGEOT 206 SOLEIL 1.6 5P,PEUGEOT,1999,79000,1.4,Gasolina,Manual,Hidráulica,Branco,4,9,1,1,1,1,0,0,0,0,0,0,7000.0
PEUGEOT 106 SELECTION 1.0 5P,PEUGEOT,2000,11720,1.0,Gasolina,Manual,Mecânica,Azul,4,5,0,1,1,0,1,0,1,0,0,0,8000.0
PEUGEOT 307 SED. PRESENCE 1.6 FLEX 16V 4P,PEUGEOT,2010,131000,1.6,Flex,Manual,Hidráulica,Verde,4,1,1,1,1,1,1,1,1,1,0,0,18200.0
PEUGEOT RCZ,PEUGEOT,2011,1,1.4,Flex,Manual,Hidráulica,Prata,4,4,1,1,1,1,1,0,1,0,0,0,20999.0
PEUGEOT 208 ACTIVE/ACTIVE PACK 1.5 FLEX 8V 5P,PEUGEOT,2014,135,1.5,Flex,Manual,Elétrica,Branco,4,8,1,1,1,1,1,1,1,1,0,0,30000.0
PEUGEOT 208 ALLURE 1.5 FLEX 8V 5P,PEUGEOT,2014,78000,1.5,Flex,Manual,Hidráulica,Preto,4,6,1,1,1,1,1,1,1,0,0,0,34000.0
PEUGEOT 308 ACTIVE 1.6 FLEX 16V 5P MEC.,PEUGEOT,2014,128000,1.5,Flex,Manual,Elétrica,Vermelho,4,9,1,1,1,1,1,1,1,1,0,0,33000.0
PEUGEOT 206 PRESENCE 1.4/ 1.4 FLEX 8V 5P,PEUGEOT,2008,127000,1.4,Flex,Manual,Hidráulica,Prata,4,5,1,1,1,1,1,1,1,1,0,0,14500.0
PEUGEOT 208 ACTIVE 1.2 FLEX 12V 5P MEC.,PEUGEOT,2018,53915,1.2,Flex,Manual,Elétrica,Branco,4,5,1,1,1,0,1,1,1,0,0,0,43900.0
PEUGEOT 207 SED. PASSION XR SPORT 1.4 FLEX 8V 4P,PEUGEOT,2010,351000,1.4,Flex,Manual,Hidráulica,Cinza,4,6,1,1,1,1,0,0,0,0,0,0,15000.0
PEUGEOT 207 XR 1.4 FLEX 8V 5P,PEUGEOT,2011,82000,1.4,Flex,Manual,Hidráulica,Prata,4,2,1,1,1,1,1,0,1,0,0,0,20000.0
PEUGEOT 308 ACTIVE 1.6 FLEX 16V 5P MEC.,PEUGEOT,2013,89000,1.6,Flex,Manual,Elétrica,Prata,4,3,1,1,1,1,1,1,1,1,0,0,32900.0
PEUGEOT 3008 ALLURE 1.6 TURBO 16V 5P AUT.,PEUGEOT,2020,14548,1.6,Gasolina,Automático,Elétrica,Cinza,4,9,1,1,1,0,1,1,1,1,1,0,176990.0
PEUGEOT 207 SW XR 1.4 FLEX 8V 5P,PEUGEOT,2011,199000,1.4,Flex,Manual,Hidráulica,Cinza,4,8,1,1,1,1,1,0,1,1,0,0,15000.0
PEUGEOT 408 SEDAN ALLURE 2.0 FLEX 16V 4P MEC.,PEUGEOT,2012,64900,2.0,Flex,Manual,Elétrica,Branco,4,8,1,1,1,1,1,1,1,1,0,0,29500.0
PEUGEOT 207 ACTIVE 1.4 FLEX 8V 5P,PEUGEOT,2009,198000,1.4,Gasolina,Automático,Mecânica,Cinza,4,6,0,1,1,0,0,0,0,0,0,0,20800.0
PEUGEOT 207 QUIKSILVER 1.4 FLEX 8V 3P,PEUGEOT,2008,180000,1.4,Gasolina,Automático,Hidráulica,Preto,4,5,1,1,1,1,1,0,1,0,0,0,21800.0
PEUGEOT 307 CC 2.0 16V 2P AUT.,PEUGEOT,2004,158000,2.0,Gasolina,Automático,Elétrica,Preto,4,8,1,1,1,0,1,1,1,1,1,0,14000.0
PEUGEOT 208 ACTIVE PACK 1.6 FLEX 16V 5P AUT.,PEUGEOT,2015,80000,1.6,Flex,Automático,Elétrica,Preto,4,9,1,1,1,0,1,1,1,1,1,0,37000.0
PEUGEOT 207 SED. PASSION XR SPORT 1.4 FLEX 8V 4P,PEUGEOT,2010,150000,1.4,Flex,Manual,Hidráulica,Cinza,4,5,1,1,1,1,0,0,0,0,0,0,19900.0
PEUGEOT 207 XR SPORT 1.4 FLEX 8V 5P,PEUGEOT,2013,115000,1.4,Flex,Manual,Hidráulica,Prata,4,7,1,1,1,1,1,0,1,0,0,0,21500.0
PEUGEOT 208 PREMIER 1.6 FLEX 16V 5P,PEUGEOT,2014,98000,1.6,Flex,Manual,Elétrica,Outra,4,6,1,1,1,0,1,1,1,1,0,0,36900.0
PEUGEOT 2008 ALLURE 1.6 FLEX 16V 5P AUT.,PEUGEOT,2020,27670,1.6,Flex,Automático,Elétrica,Cinza,4,7,1,1,1,0,1,1,1,1,0,0,72990.0
PEUGEOT 207 XR 1.4 FLEX 8V 5P,PEUGEOT,2013,160000,1.4,Flex,Manual,Hidráulica,Prata,4,8,1,1,1,1,1,0,0,0,0,0,20750.0
PEUGEOT 2008 GRIFFE 1.6 FLEX 16V 5P AUT.,PEUGEOT,2016,103000,1.6,Flex,Automático,Hidráulica,Branco,4,3,1,1,1,1,1,1,1,1,1,0,52000.0
PEUGEOT 206 SOLEIL 1.6 16V 110CV 5P,PEUGEOT,2001,170000,1.6,Gasolina,Manual,Hidráulica,Prata,4,9,1,0,1,1,1,0,1,0,0,0,9800.0
PEUGEOT 207 SED. PASSION XR SPORT 1.4 FLEX 8V 4P,PEUGEOT,2011,88500,1.4,Flex,Manual,Hidráulica,Cinza,4,0,1,1,1,1,1,0,1,0,0,0,18000.0
PEUGEOT 2008 ALLURE 1.6 FLEX 16V 5P AUT.,PEUGEOT,2019,43000,1.6,Flex,Automático,Elétrica,Prata,4,6,1,1,1,1,1,1,1,1,1,0,59900.0
PEUGEOT 2008 GRIFFE 1.6 FLEX 16V 5P AUT.,PEUGEOT,2018,48000,1.6,Flex,Automático,Assistida,Prata,4,4,1,1,1,1,1,1,1,1,1,0,54990.0
PEUGEOT 208 GRIFFE 1.6 FLEX 16V 5P AUT.,PEUGEOT,2016,44125,1.6,Flex,Automático,Elétrica,Branco,4,7,1,1,1,1,1,1,1,1,1,0,50000.0
PEUGEOT 208 GRIFFE 1.6 FLEX 16V 5P AUT.,PEUGEOT,2015,75000,1.6,Flex,Automático,Elétrica,Branco,4,3,1,1,1,1,1,1,1,1,0,0,43800.0
PEUGEOT 207 XR SPORT 1.4 FLEX 8V 5P,PEUGEOT,2011,94000,1.4,Flex,Manual,Hidráulica,Preto,4,0,1,1,1,1,0,1,1,0,0,0,22000.0
PEUGEOT 207 QUIKSILVER 1.4 FLEX 8V 5P,PEUGEOT,2011,155,1.4,Flex,Manual,Hidráulica,Cinza,4,9,1,1,1,1,1,0,1,0,0,0,17800.0
PEUGEOT 207 SEDAN PASSION XS 1.6 FLEX 16V 4P,PEUGEOT,2012,150896,1.6,Flex,Manual,Hidráulica,Prata,4,5,1,1,1,1,1,0,1,1,0,0,23000.0
PEUGEOT 408 SEDAN ALLURE 2.0 FLEX 16V 4P MEC.,PEUGEOT,2012,65600,2.0,Gasolina,Manual,Elétrica,Branco,4,8,1,1,1,1,1,1,1,1,0,0,28600.0
PEUGEOT BOXER 2.3 MINIBUS 15/16L TB DIESEL.,PEUGEOT,2011,300000,2.0,Diesel,Manual,Hidráulica,Branco,4,4,0,0,1,1,1,1,1,0,0,0,39500.0
PEUGEOT 207 SW XR SPORT 1.4 FLEX 8V 5P,PEUGEOT,2011,135805,1.4,Flex,Manual,Hidráulica,Preto,4,0,1,1,1,1,1,0,1,0,0,0,17000.0
PEUGEOT 208 ACTIVE/ACTIVE PACK 1.5 FLEX 8V 5P,PEUGEOT,2014,88400,1.5,Flex,Manual,Elétrica,Branco,4,4,1,1,1,0,1,1,1,1,0,0,31000.0
PEUGEOT 307 SOLEIL/ PRESENCE 1.6/1.6 FLEX 16V 5P,PEUGEOT,2010,98500,1.6,Flex,Manual,Hidráulica,Cinza,4,1,1,1,1,1,1,1,1,0,0,0,20000.0
PEUGEOT 207 XR SPORT 1.4 FLEX 8V 5P,PEUGEOT,2010,158000,1.4,Flex,Manual,Hidráulica,Cinza,4,6,1,1,1,1,1,0,1,1,0,0,15000.0
PEUGEOT BOXER 2.3 MINIBUS 15/16L TB DIESEL.,PEUGEOT,2012,280000,3.0,Diesel,Manual,Hidráulica,Branco,4,2,0,0,1,1,1,0,0,0,0,0,55000.0
PEUGEOT 206 PRESENCE 1.4/ 1.4 FLEX 8V 3P,PEUGEOT,2008,1,1.4,Flex,Automático,Hidráulica,Preto,4,2,1,0,0,1,0,0,0,0,0,0,14900.0
PEUGEOT 208 GRIFFE 1.6 FLEX 16V 5P AUT.,PEUGEOT,2019,25000,1.6,Flex,Automático,Elétrica,Prata,4,3,1,1,1,0,1,1,0,1,1,0,56900.0
PEUGEOT 408 SEDAN ALLURE 2.0 FLEX 16V 4P MEC.,PEUGEOT,2012,62000,2.0,Flex,Manual,Hidráulica,Branco,4,8,1,1,1,1,1,1,1,1,1,0,32000.0
PEUGEOT 206 TECHNO/ FELINE 1.6/ 1.6 FLEX 16V 5P,PEUGEOT,2005,0,1.6,Gasolina,Manual,Hidráulica,Prata,4,7,1,0,0,1,1,0,0,0,0,0,9000.0
PEUGEOT 307 SOLEIL/ PRESENCE 1.6/1.6 FLEX 16V 5P,PEUGEOT,2009,183000,1.6,Flex,Manual,Hidráulica,Preto,4,3,1,1,1,1,1,0,1,0,0,0,17000.0
PEUGEOT 206 SW ESCAPADE 1.6 16V FLEX 5P,PEUGEOT,2008,0,1.6,Flex,Manual,Hidráulica,Prata,4,3,1,1,1,1,1,0,1,0,0,0,15000.0
PEUGEOT 208 GRIFFE BUS. 1.6 FLEX 5P AUT.(PCD),PEUGEOT,2015,49000,1.6,Flex,Automático,Elétrica,Cinza,4,9,1,1,1,1,1,1,1,1,0,0,49990.0
PEUGEOT 207 SW XR SPORT 1.4 FLEX 8V 5P,PEUGEOT,2010,158942,1.4,Flex,Manual,Hidráulica,Prata,4,7,1,1,1,1,1,1,1,1,0,0,15500.0
PEUGEOT 207 XR 1.4 FLEX 8V 5P,PEUGEOT,2011,97000,1.4,Flex,Manual,Hidráulica,Cinza,4,4,1,1,1,1,1,0,1,1,0,0,19000.0
PEUGEOT 308 ALLURE 1.6 FLEX 16V 5P MEC.,PEUGEOT,2013,110000,1.6,Flex,Manual,Hidráulica,Branco,4,0,1,1,1,1,1,1,1,1,0,0,27000.0
PEUGEOT 206 TECHNO/ FELINE 1.6/ 1.6 FLEX 16V 5P,PEUGEOT,2006,155000,1.6,Flex,Manual,Hidráulica,Prata,4,0,1,1,1,1,1,1,1,0,0,0,13000.0
PEUGEOT 408 SEDAN GRIFFE 1.6 TURBO 16V 4P AUT.,PEUGEOT,2013,100000,1.6,Gasolina,Automático,Hidráulica,Azul,4,0,1,1,1,1,1,1,1,1,1,0,35000.0
PEUGEOT 206 HOLIDAY 1.4 8V 75CV 5P,PEUGEOT,2005,100,1.4,Gasolina,Manual,Hidráulica,Prata,4,6,1,1,1,1,1,1,1,0,0,0,8500.0
PEUGEOT 207 XR 1.4 FLEX 8V 5P,PEUGEOT,2013,180000,1.4,Flex,Manual,Hidráulica,Branco,4,7,1,1,1,1,1,1,1,1,0,0,21000.0
PEUGEOT 207 XR 1.4 FLEX 8V 5P,PEUGEOT,2009,131500,1.4,Flex,Manual,Hidráulica,Preto,4,7,1,1,1,1,0,1,1,0,0,0,0.0
PEUGEOT 307 FELINE/GRIFF/PREMI. 2.0 FLEX 5P AUT.,PEUGEOT,2013,74000,2.0,Flex,Automático,Elétrica,Preto,4,9,1,1,1,0,1,1,1,1,1,0,35000.0
PEUGEOT 207 SEDAN PASSION XS 1.6 FLEX 16V 4P,PEUGEOT,2011,108000,1.6,Flex,Automático,Hidráulica,Cinza,4,2,1,1,1,1,0,1,1,0,0,0,21000.0
PEUGEOT 207 XR 1.4 FLEX 8V 5P,PEUGEOT,2012,85000,1.4,Flex,Manual,Hidráulica,Preto,4,9,1,1,1,1,0,0,1,0,0,0,24000.0
PEUGEOT 206 RALLYE 1.6,PEUGEOT,2000,200000,1.6,Gasolina,Manual,Hidráulica,Vermelho,2,8,1,1,1,1,1,1,1,0,0,0,11000.0
PEUGEOT 207 XS 1.6 FLEX 16V 5P,PEUGEOT,2010,153000,1.6,Flex,Manual,Hidráulica,Verde,4,4,1,1,1,1,1,1,1,0,0,0,21000.0
PEUGEOT 207 XS 1.6 FLEX 16V 5P,PEUGEOT,2010,140896,1.6,Flex,Manual,Hidráulica,Preto,4,0,1,1,1,1,1,0,1,1,0,0,18500.0
PEUGEOT 207 QUIKSILVER 1.4 FLEX 8V 5P,PEUGEOT,2010,98521,1.4,Flex,Manual,Mecânica,Prata,4,6,1,1,1,1,1,1,1,1,0,0,15900.0
PEUGEOT 308 ALLURE 1.6 FLEX 16V 5P MEC.,PEUGEOT,2013,65000,1.6,Flex,Manual,Elétrica,Cinza,4,9,1,1,1,0,1,1,1,1,0,0,28000.0
PEUGEOT 208 ACTIVE PACK 1.6 FLEX 16V 5P AUT.,PEUGEOT,2015,73000,1.6,Flex,Automático,Elétrica,Branco,4,1,1,1,1,0,1,1,1,1,0,0,38900.0
PEUGEOT 206 SELECTION/ SENSATION 1.0 16V 5P,PEUGEOT,2001,1880000,1.0,Gasolina,Manual,Mecânica,Vermelho,4,1,1,0,1,0,0,0,0,0,0,0,7000.0
PEUGEOT 207 SED. PASSION XR SPORT 1.4 FLEX 8V 4P,PEUGEOT,2009,170000,1.4,Flex,Manual,Hidráulica,Preto,4,5,1,1,1,1,1,1,1,0,0,0,18500.0
PEUGEOT 207 SW XR 1.4 FLEX 8V 5P,PEUGEOT,2011,130000,1.4,Flex,Manual,Hidráulica,Prata,4,5,1,1,1,1,1,1,1,0,0,0,16000.0
PEUGEOT 207 SED. PASSION XR SPORT 1.4 FLEX 8V 4P,PEUGEOT,2011,99500,1.4,Flex,Manual,Hidráulica,Cinza,4,9,1,1,1,1,1,0,1,0,0,0,18000.0
PEUGEOT EXPERT BUSINESS PACK 1.6 TURBO DIESEL,PEUGEOT,2020,33000,1.6,Diesel,Manual,Hidráulica,Prata,2,6,1,1,1,1,1,1,1,1,0,0,110000.0
PEUGEOT 207 SW XR 1.4 FLEX 8V 5P,PEUGEOT,2013,90000,1.4,Flex,Manual,Hidráulica,Azul,4,1,1,1,1,1,0,0,1,0,0,0,0.0
PEUGEOT 207 XR 1.4 FLEX 8V 5P,PEUGEOT,2011,135896,1.4,Flex,Manual,Hidráulica,Preto,4,5,1,1,1,1,1,0,1,0,0,0,19000.0
PEUGEOT 207 XR 1.4 FLEX 8V 5P,PEUGEOT,2013,160000,1.4,Flex,Manual,Hidráulica,Prata,4,8,1,1,1,1,0,0,1,0,0,0,21900.0
PEUGEOT 207 SEDAN PASSION XR 1.4 FLEX 8V 4P,PEUGEOT,2013,147000,1.4,Flex,Manual,Hidráulica,Branco,4,1,1,1,1,1,0,1,0,1,0,0,9500.0
PEUGEOT 208 ACTIVE PACK 1.2 FLEX 12V 5P MEC.,PEUGEOT,2018,38000,1.2,Flex,Manual,Elétrica,Vermelho,4,7,1,1,1,0,1,1,1,0,0,0,43500.0
PEUGEOT 207 SEDAN PASSION XR 1.4 FLEX 8V 4P,PEUGEOT,2012,135000,1.4,Flex,Manual,Mecânica,Prata,4,8,0,1,1,1,1,1,1,0,0,0,23900.0
PEUGEOT 207 X-LINE 1.4 FLEX 8V 5P,PEUGEOT,2009,152000,1.4,Flex,Manual,Hidráulica,Vermelho,4,2,1,1,1,1,1,0,1,0,0,0,16500.0
PEUGEOT 206,PEUGEOT,2005,130000,1.0,Gasolina,Manual,Hidráulica,Prata,4,3,1,1,1,1,1,0,0,0,0,0,10000.0
PEUGEOT 207 SEDAN PASSION XR 1.4 FLEX 8V 4P,PEUGEOT,2011,120000,1.4,Flex,Manual,Hidráulica,Preto,4,2,1,1,1,1,1,1,1,0,1,0,18500.0
PEUGEOT 206 FELINE 1.4/ 1.4 FLEX 8V 5P,PEUGEOT,2008,1999,1.4,Flex,Manual,Hidráulica,Preto,2,9,0,1,1,1,1,0,1,0,0,0,9000.0
PEUGEOT 207 XR 1.4 FLEX 8V 5P,PEUGEOT,2013,200,1.4,Gás Natural,Manual,Hidráulica,Branco,4,7,1,1,1,1,1,1,1,1,0,0,19000.0
PEUGEOT 408 SEDAN ALLURE 2.0 FLEX 16V 4P AUT.,PEUGEOT,2012,127000,2.0,Flex,Automático,Hidráulica,Cinza,4,4,1,1,1,1,1,1,1,1,1,0,31000.0
PEUGEOT 207 XS 1.6 FLEX 16V 5P AUT.,PEUGEOT,2012,102000,1.6,Flex,Automático,Hidráulica,Azul,4,7,1,1,1,1,1,1,1,1,0,0,20800.0
PEUGEOT 207 SED. PASSION XR SPORT 1.4 FLEX 8V 4P,PEUGEOT,2010,9521,1.4,Flex,Manual,Hidráulica,Prata,4,6,1,1,1,1,1,0,1,1,0,0,15900.0
PEUGEOT 207 XR 1.4 FLEX 8V 5P,PEUGEOT,2009,170000,1.4,Gasolina,Manual,Hidráulica,Preto,4,8,1,1,1,1,1,0,1,0,0,0,10800.0
PEUGEOT 206,PEUGEOT,2005,0,1.0,Gasolina,Manual,Hidráulica,Prata,4,8,0,0,1,1,1,0,1,0,0,0,11500.0
PEUGEOT 308 FELINE 2.0 FLEX 16V 5P AUT.,PEUGEOT,2013,120000,2.0,Flex,Automático,Elétrica,Cinza,4,3,1,1,1,1,1,1,1,1,1,0,33000.0
PEUGEOT 2008 ALLURE 1.6 FLEX 16V 5P AUT.,PEUGEOT,2017,87000,1.6,Flex,Automático,Elétrica,Branco,4,4,1,1,1,1,1,1,1,1,0,0,51900.0
PEUGEOT 205 GTI 1.4,PEUGEOT,2005,120,1.4,Flex,Automático,Hidráulica,Prata,4,6,1,1,1,1,0,1,0,0,0,0,9000.0
PEUGEOT 408 SEDAN ALLURE 2.0 FLEX 16V 4P MEC.,PEUGEOT,2012,111000,2.0,Flex,Manual,Elétrica,Azul,4,6,1,1,1,0,1,1,1,1,0,0,26000.0
PEUGEOT 207 XR 1.4 FLEX 8V 5P,PEUGEOT,2009,117000,1.4,Flex,Manual,Hidráulica,Prata,4,9,1,1,1,1,1,0,0,0,1,0,17800.0
PEUGEOT 207 XS 1.6 FLEX 16V 5P,PEUGEOT,2010,0,1.6,Flex,Manual,Hidráulica,Verde,4,4,1,1,1,1,1,1,0,0,0,0,21000.0
PEUGEOT 207 XR 1.4 FLEX 8V 5P,PEUGEOT,2010,0,1.4,Flex,Manual,Hidráulica,Prata,4,8,0,1,1,1,1,1,0,0,0,0,9000.0
PEUGEOT 207 SEDAN PASSION XR 1.4 FLEX 8V 4P,PEUGEOT,2012,193000,1.4,Flex,Manual,Hidráulica,Prata,4,0,1,1,1,1,1,0,0,0,0,0,19000.0
PEUGEOT 208 ACTIVE PACK 1.6 FLEX 16V 5P AUT.,PEUGEOT,2015,34000,1.6,Flex,Automático,Elétrica,Outra,4,8,1,1,1,0,1,1,1,1,0,0,38500.0
PEUGEOT 208 GT 1.6 THP FLEX 16V 5P MEC.,PEUGEOT,2017,30000,1.6,Flex,Manual,Elétrica,Branco,4,8,1,1,1,0,1,1,1,1,1,0,62000.0
PEUGEOT 208 PREMIER 1.6 FLEX 16V 5P,PEUGEOT,2014,98000,1.6,Flex,Manual,Elétrica,Outra,4,6,1,1,1,0,1,1,1,1,0,0,37900.0
PEUGEOT 207 SED. PASSION XR SPORT 1.4 FLEX 8V 4P,PEUGEOT,2012,120000,1.4,Flex,Manual,Hidráulica,Branco,4,9,1,1,1,1,1,1,1,0,0,0,23000.0
PEUGEOT 2008 GRIFFE 1.6 FLEX 16V 5P AUT.,PEUGEOT,2016,76000,1.6,Flex,Automático,Hidráulica,Branco,4,5,1,1,1,1,1,1,1,1,0,0,48000.0
PEUGEOT 207 QUIKSILVER 1.4 FLEX 8V 5P,PEUGEOT,2013,89999,1.4,Flex,Manual,Hidráulica,Cinza,4,7,1,1,1,1,1,0,1,1,1,0,25000.0
PEUGEOT 207 QUIKSILVER 1.4 FLEX 8V 5P,PEUGEOT,2012,160000,1.4,Flex,Manual,Hidráulica,Prata,4,8,1,1,1,1,1,0,0,0,0,0,20000.0
PEUGEOT 2008 ALLURE 1.6 FLEX 16V 5P AUT.,PEUGEOT,2020,27120,1.6,Flex,Automático,Elétrica,Cinza,4,7,1,1,1,0,1,1,1,1,0,0,75000.0
PEUGEOT 408 SEDAN ALLURE 2.0 FLEX 16V 4P AUT.,PEUGEOT,2013,80000,2.0,Flex,Automático,Hidráulica,Azul,4,8,1,1,1,1,1,1,1,1,0,0,36000.0
PEUGEOT 307 MILLESIM200 1.6 FLEX 16V 5P,PEUGEOT,2007,70000,1.6,Flex,Manual,Hidráulica,Preto,4,9,1,1,1,1,1,1,0,0,0,0,11500.0
PEUGEOT 2008 ALLURE 1.6 FLEX 16V 5P AUT.,PEUGEOT,2017,81000,1.6,Flex,Automático,Elétrica,Branco,4,4,1,1,1,0,1,1,1,1,0,0,53500.0
PEUGEOT 207 SW XR 1.4 FLEX 8V 5P,PEUGEOT,2011,142000,1.4,Flex,Manual,Hidráulica,Verde,4,8,1,1,1,1,1,1,1,0,0,0,15700.0
PEUGEOT 307 SED. PRESENCE 2.0 FLEX 16V 5P AUT.,PEUGEOT,2007,208000,2.0,Gasolina,Automático,Elétrica,Preto,4,0,1,1,1,1,1,1,1,1,1,0,15500.0
PEUGEOT 207 SW XR 1.4 FLEX 8V 5P,PEUGEOT,2011,140787,1.4,Flex,Manual,Hidráulica,Cinza,4,8,1,1,1,1,1,0,1,0,0,0,15700.0
PEUGEOT 308 FELINE 2.0 FLEX 16V 5P AUT.,PEUGEOT,2013,77800,2.0,Flex,Automático,Assistida,Preto,4,6,1,1,1,1,1,1,1,0,0,0,34000.0
PEUGEOT 307 MILLESIM200 1.6 FLEX 16V 5P,PEUGEOT,2007,12700,1.6,Flex,Manual,Hidráulica,Preto,4,9,1,1,1,1,1,1,0,0,0,0,12000.0
PEUGEOT 207 XR 1.4 FLEX 8V 5P,PEUGEOT,2013,160000,1.4,Flex,Manual,Hidráulica,Prata,4,8,1,1,1,1,1,0,0,0,0,0,21500.0
PEUGEOT 206 TECHNO 1.0 16V 70CV 5P,PEUGEOT,2002,0,1.0,Gasolina,Manual,Hidráulica,Branco,4,9,1,1,1,1,1,1,1,0,0,0,10500.0
PEUGEOT BOXER 2.3 MINIBUS 15/16L TB DIESEL.,PEUGEOT,2013,198000,2.0,Diesel,Manual,Hidráulica,Cinza,4,5,1,1,1,1,1,1,1,0,1,0,60000.0
PEUGEOT 207 SW XR SPORT 1.4 FLEX 8V 5P,PEUGEOT,2011,160000,1.4,Gasolina,Manual,Hidráulica,Prata,4,5,1,1,1,1,1,1,1,1,1,0,18000.0
PEUGEOT 207 SW XR 1.4 FLEX 8V 5P,PEUGEOT,2011,125968,1.4,Flex,Manual,Hidráulica,Preto,4,3,1,1,1,1,0,0,0,0,0,0,6000.0
PEUGEOT 2008 ALLURE 1.6 FLEX 16V 5P AUT.,PEUGEOT,2018,58000,1.6,Flex,Automático,Elétrica,Branco,4,7,1,1,1,1,1,1,1,1,0,0,59800.0
PEUGEOT 207 QUIKSILVER 1.4 FLEX 8V 5P,PEUGEOT,2011,135000,1.4,Flex,Manual,Elétrica,Prata,4,8,1,1,1,0,1,1,1,0,0,0,16000.0
PEUGEOT 207 SEDAN PASSION XR 1.4 FLEX 8V 4P,PEUGEOT,2010,95217,1.4,Flex,Manual,Hidráulica,Prata,4,6,1,1,1,1,1,1,1,0,0,0,15900.0
PEUGEOT BOXER 2.8 FURG. TB DIES. MED/LONGOT.ALTO,PEUGEOT,2009,128000,2.0,Diesel,Manual,Hidráulica,Azul,4,8,1,0,1,0,0,0,0,1,0,0,65000.0
PEUGEOT 207 XS 1.6 FLEX 16V 5P,PEUGEOT,2011,140000,1.6,Flex,Manual,Hidráulica,Branco,4,3,1,1,1,1,1,0,1,0,0,0,19500.0
PEUGEOT 307 SOLEIL/ PRESENCE 1.6/1.6 FLEX 16V 5P,PEUGEOT,2010,69540,1.6,Flex,Manual,Elétrica,Verde,4,3,1,1,1,0,1,1,1,0,0,0,20000.0
PEUGEOT 207 QUIKSILVER 1.4 FLEX 8V 3P,PEUGEOT,2013,123000,1.4,Flex,Manual,Hidráulica,Vermelho,4,2,1,1,1,0,1,1,0,0,0,0,19000.0
PEUGEOT 207 SW XR 1.4 FLEX 8V 5P,PEUGEOT,2011,135000,1.4,Flex,Manual,Elétrica,Prata,4,8,1,1,1,0,1,1,1,0,0,0,16000.0
PEUGEOT 207 XR 1.4 FLEX 8V 5P,PEUGEOT,2010,165000,1.4,Flex,Manual,Hidráulica,Verde,4,5,1,1,1,1,1,1,1,0,1,0,18000.0
PEUGEOT 207 SEDAN PASSION XR 1.4 FLEX 8V 4P,PEUGEOT,2011,1,1.4,Flex,Manual,Hidráulica,Outra,4,2,1,1,1,1,0,0,1,1,1,0,20000.0
PEUGEOT 207 XR 1.4 FLEX 8V 5P,PEUGEOT,2011,212000,1.4,Flex,Manual,Hidráulica,Prata,4,6,1,1,1,1,1,1,1,0,0,1,17500.0
PEUGEOT 207 XR SPORT 1.4 FLEX 8V 5P,PEUGEOT,2011,96,1.4,Flex,Manual,Hidráulica,Preto,4,4,1,1,1,1,1,1,1,0,0,0,9000.0
PEUGEOT 207 SW XR SPORT 1.4 FLEX 8V 5P,PEUGEOT,2013,68000,1.4,Flex,Manual,Hidráulica,Prata,4,7,1,1,1,1,1,0,1,0,0,0,22000.0
PEUGEOT 207 XR 1.4 FLEX 8V 5P,PEUGEOT,2010,10000,1.4,Flex,Manual,Hidráulica,Prata,4,8,1,1,1,1,0,0,0,0,0,0,13500.0
PEUGEOT 206 SELECTION/ SENSATION 1.0 16V 5P,PEUGEOT,2005,2644453,1.0,Gasolina,Manual,Hidráulica,Prata,4,5,1,0,1,1,0,0,0,0,0,0,10100.0
PEUGEOT 307 PASSION 1.6 16V 110CV 5P,PEUGEOT,2012,68000,1.6,Flex,Manual,Hidráulica,Preto,4,1,1,1,1,1,1,1,1,1,0,0,21900.0
PEUGEOT 208 GRIFFE 1.6 FLEX 16V 5P AUT.,PEUGEOT,2014,70000,1.6,Flex,Automático,Elétrica,Outra,4,1,1,1,1,0,1,1,1,1,0,0,39800.0
PEUGEOT 207 XR 1.4 FLEX 8V 5P,PEUGEOT,2011,155000,1.4,Flex,Manual,Hidráulica,Outra,4,5,1,1,1,1,1,1,1,0,1,0,18200.0
PEUGEOT 207 XR 1.4 FLEX 8V 5P,PEUGEOT,2013,160000,1.4,Flex,Manual,Hidráulica,Prata,4,8,1,1,1,1,1,0,0,0,0,0,20500.0
PEUGEOT HOGGAR ESCAPADE 1.6 FLEX 16V 2P,PEUGEOT,2011,0,1.6,Flex,Manual,Hidráulica,Branco,2,7,1,1,1,1,1,0,1,0,0,0,20000.0
PEUGEOT,PEUGEOT,2011,96,1.4,Flex,Manual,Hidráulica,Preto,4,4,1,1,1,0,1,0,1,0,0,0,10000.0
PEUGEOT 207 ACTIVE 1.4 FLEX 8V 5P,PEUGEOT,2014,95000,1.4,Flex,Manual,Hidráulica,Branco,4,0,1,1,1,1,1,1,0,0,0,0,23000.0
PEUGEOT 208 ACTIVE PACK 1.6 FLEX 16V 5P AUT.,PEUGEOT,2015,73000,1.6,Flex,Automático,Elétrica,Branco,4,8,1,1,1,0,1,1,1,1,0,0,40900.0
PEUGEOT 207 SEDAN PASSION XR 1.4 FLEX 8V 4P,PEUGEOT,2009,60000,1.4,Flex,Manual,Hidráulica,Preto,4,9,1,1,1,1,1,0,1,0,0,0,15000.0
PEUGEOT 208 ACTIVE PACK 1.6 FLEX 16V 5P AUT.,PEUGEOT,2019,17044,1.6,Flex,Automático,Elétrica,Prata,4,3,1,1,1,1,1,1,1,1,1,0,57190.0
PEUGEOT 207 SW XR 1.4 FLEX 8V 5P,PEUGEOT,2011,153000,1.4,Flex,Manual,Hidráulica,Prata,4,3,1,1,1,1,1,1,1,0,0,0,11000.0
PEUGEOT 207 XS 1.6 FLEX 16V 5P,PEUGEOT,2012,76000,1.6,Flex,Manual,Hidráulica,Preto,4,0,1,1,1,1,1,1,1,0,0,0,20000.0
PEUGEOT 208 ACTIVE/ACTIVE PACK 1.5 FLEX 8V 5P,PEUGEOT,2014,140000,1.5,Flex,Manual,Elétrica,Branco,4,6,1,1,1,1,1,1,1,0,0,0,31550.0
PEUGEOT 207 SEDAN PASSION XS 1.6 FLEX 16V 4P,PEUGEOT,2011,150009,1.8,Flex,Manual,Hidráulica,Cinza,4,3,1,1,1,1,0,1,1,0,0,0,16000.0
PEUGEOT 206 PRESENCE 1.4/ 1.4 FLEX 8V 5P,PEUGEOT,2008,170221,1.4,Flex,Manual,Hidráulica,Cinza,4,0,1,1,1,1,1,1,1,0,0,0,12000.0
PEUGEOT 206 SOLEIL/QUIKSILVER 1.0 16V 3P,PEUGEOT,2002,194000,1.0,Gasolina,Manual,Mecânica,Prata,2,4,1,1,1,0,1,0,0,0,0,0,6500.0
PEUGEOT 207 XR 1.4 FLEX 8V 5P,PEUGEOT,2010,107000,1.4,Flex,Manual,Hidráulica,Prata,4,5,1,1,1,1,1,0,0,0,0,0,14000.0
PEUGEOT 308 ACTIVE 1.6 FLEX 16V 5P MEC.,PEUGEOT,2015,70000,1.6,Flex,Manual,Hidráulica,Branco,4,0,0,0,1,0,0,0,0,0,0,0,45000.0
PEUGEOT EXPERT MINIBUS 1.6 TURBO DIESEL,PEUGEOT,2020,10001000,1.6,Diesel,Manual,Hidráulica,Branco,4,1,0,1,0,0,1,1,0,0,0,0,150000.0
PEUGEOT 206 SW PRESENCE 1.4/ 1.4 FLEX 8V 5P,PEUGEOT,2007,150000,1.4,Flex,Manual,Hidráulica,Cinza,4,2,1,1,1,1,0,1,1,0,0,0,7000.0
PEUGEOT 207 XR 1.4 FLEX 8V 5P,PEUGEOT,2013,69000,1.4,Flex,Manual,Hidráulica,Prata,4,4,1,1,1,1,1,0,1,0,0,0,22000.0
PEUGEOT 207 SEDAN PASSION XS 1.6 FLEX 16V 4P,PEUGEOT,2009,152000,1.6,Flex,Manual,Hidráulica,Cinza,4,9,1,1,1,1,1,1,1,1,1,0,20000.0
PEUGEOT 206 SELECTION/ SENSATION 1.0 16V 3P,PEUGEOT,2002,170282,1.0,Gasolina,Manual,Hidráulica,Cinza,4,9,1,1,1,1,0,0,1,0,0,0,13000.0
PEUGEOT 207 XR 1.4 FLEX 8V 5P,PEUGEOT,2011,158000,1.4,Flex,Manual,Hidráulica,Prata,4,4,1,1,1,1,0,0,0,0,1,0,17000.0
PEUGEOT 207 SEDAN PASSION XS 1.6 FLEX 16V 4P,PEUGEOT,2012,100,1.4,Gasolina,Manual,Hidráulica,Branco,4,8,1,1,1,1,1,0,0,0,0,0,18000.0
PEUGEOT 307 PASSION 1.6 16V 110CV 5P,PEUGEOT,2005,0,1.6,Gasolina,Manual,Hidráulica,Prata,4,9,1,1,0,1,0,0,0,0,0,0,9000.0
PEUGEOT 207 SW XR 1.4 FLEX 8V 5P,PEUGEOT,2010,110000,1.4,Flex,Manual,Hidráulica,Verde,4,1,1,1,1,1,1,0,0,1,0,0,16000.0
PEUGEOT 206 SOLEIL/QUIKSILVER 1.0 16V 3P,PEUGEOT,2003,170282,1.0,Gasolina,Manual,Hidráulica,Cinza,4,9,0,1,1,1,1,0,1,0,0,0,11000.0
PEUGEOT 207 XR 1.4 FLEX 8V 3P,PEUGEOT,2011,110,1.4,Flex,Manual,Hidráulica,Prata,4,2,1,1,1,1,1,1,1,0,0,0,15500.0
PEUGEOT 2008 ALLURE 1.6 FLEX 16V 5P AUT.,PEUGEOT,2018,60000,1.6,Flex,Automático,Elétrica,Branco,4,7,1,1,1,1,1,1,1,1,0,0,59500.0
PEUGEOT BOXER 2.3 MINIBUS 15/16L TB DIESEL.,PEUGEOT,2014,130000,2.0,Diesel,Manual,Hidráulica,Branco,4,2,1,1,1,1,1,1,1,1,1,0,74000.0
PEUGEOT 207 SED. PASSION XR SPORT 1.4 FLEX 8V 4P,PEUGEOT,2010,100000,1.4,Flex,Manual,Hidráulica,Cinza,4,6,1,1,1,1,1,0,1,0,0,0,13500.0
PEUGEOT 207 XR 1.4 FLEX 8V 5P,PEUGEOT,2012,0,1.4,Flex,Manual,Hidráulica,Vermelho,4,4,1,1,1,1,0,0,1,0,0,0,21999.0
PEUGEOT 408 SEDAN ALLURE 2.0 FLEX 16V 4P MEC.,PEUGEOT,2012,0,2.0,Gás Natural,Manual,Hidráulica,Prata,4,4,1,1,1,1,1,1,1,1,0,0,28499.0
PEUGEOT 207 SW XR 1.4 FLEX 8V 5P,PEUGEOT,2011,1,1.4,Flex,Manual,Hidráulica,Prata,4,6,1,1,1,1,1,0,1,1,0,0,20999.0
PEUGEOT 208 SPORT 1.6 FLEX 16V 5P MEC.,PEUGEOT,2017,80000,1.6,Flex,Manual,Elétrica,Branco,4,6,1,1,1,1,1,1,1,1,0,0,46500.0
PEUGEOT 308 ACTIVE 1.6 FLEX 16V 5P MEC.,PEUGEOT,2014,89000,1.6,Flex,Manual,Hidráulica,Branco,4,6,1,1,1,1,1,1,1,1,1,0,38500.0
PEUGEOT 207 SEDAN PASSION XS 1.6 FLEX 16V 4P AUT,PEUGEOT,2011,109241,1.6,Flex,Automático,Hidráulica,Cinza,4,2,1,1,1,1,0,1,1,0,0,0,20500.0
PEUGEOT 2008 GRIFFE 1.6 FLEX 16V 5P AUT.,PEUGEOT,2016,80000,1.6,Flex,Automático,Hidráulica,Branco,4,0,1,1,1,1,1,1,1,1,1,0,52000.0
PEUGEOT 207 QUIKSILVER 1.4 FLEX 8V 5P,PEUGEOT,2011,1,1.4,Flex,Manual,Hidráulica,Prata,4,2,1,1,1,1,1,1,1,0,0,0,20999.0
PEUGEOT 207 SEDAN PASSION XR 1.4 FLEX 8V 4P,PEUGEOT,2013,120000,1.4,Flex,Manual,Hidráulica,Branco,4,4,1,1,1,1,0,1,0,0,0,0,10000.0
PEUGEOT 207 XR SPORT 1.4 FLEX 8V 5P,PEUGEOT,2009,150896,1.4,Flex,Manual,Hidráulica,Prata,4,6,1,1,1,1,1,0,1,1,0,0,19000.0
PEUGEOT 208 PREMIER 1.6 FLEX 16V 5P,PEUGEOT,2014,98600,1.6,Flex,Manual,Elétrica,Outra,4,6,1,1,1,0,1,1,1,1,0,0,35900.0
PEUGEOT 206 PRESENCE 1.4/ 1.4 FLEX 8V 5P,PEUGEOT,2008,170222,1.4,Flex,Semi-Automático,Hidráulica,Prata,4,0,1,1,1,1,1,1,1,0,0,0,12000.0
PEUGEOT 2008 GRIFFE 1.6 FLEX 16V 5P AUT.,PEUGEOT,2020,12000,1.6,Flex,Automático,Elétrica,Branco,4,8,1,1,1,1,1,1,1,1,1,0,81000.0
PEUGEOT 207 SEDAN PASSION XS 1.6 FLEX 16V 4P,PEUGEOT,2010,113000,1.6,Flex,Manual,Hidráulica,Preto,4,7,1,1,1,1,1,1,1,0,0,0,19000.0
PEUGEOT 206 SENSATION 1.4 FLEX 8V 5P,PEUGEOT,2008,1,1.4,Flex,Manual,Hidráulica,Prata,4,6,1,1,1,1,1,1,1,0,0,0,12500.0
PEUGEOT 307 SOLEIL/ PRESENCE 1.6/1.6 FLEX 16V 5P,PEUGEOT,2011,102000,1.6,Flex,Manual,Hidráulica,Verde,4,5,1,1,1,1,1,1,0,0,0,0,22000.0
PEUGEOT BOXER 2.3 MINIBUS 15/16L TB DIESEL.,PEUGEOT,2014,198000,2.0,Diesel,Manual,Hidráulica,Cinza,4,5,1,1,1,1,1,1,1,0,1,0,60000.0
PEUGEOT 408,PEUGEOT,2011,50000,2.0,Flex,Manual,Hidráulica,Prata,4,5,1,1,1,1,1,1,1,0,0,0,26000.0
PEUGEOT 208 ALLURE 1.6 FLEX 16V 5P AUT.,PEUGEOT,2018,54900,1.6,Flex,Automático,Elétrica,Branco,4,7,1,1,1,1,1,1,1,1,0,0,55000.0
PEUGEOT 308 GRIFFE 1.6 TURBO FLEX 16V 5P AUT.,PEUGEOT,2018,53000,1.6,Flex,Automático,Elétrica,Branco,4,8,1,1,1,0,1,0,0,0,1,0,69990.0
PEUGEOT 307 SOLEIL/ PRESENCE 1.6/1.6 FLEX 16V 5P,PEUGEOT,2011,100000,1.6,Flex,Manual,Elétrica,Prata,4,0,1,1,1,0,1,1,1,0,0,0,23000.0
PEUGEOT 2008 GRIFFE 1.6 FLEX 16V 5P AUT.,PEUGEOT,2016,72000,1.6,Flex,Automático,Elétrica,Branco,4,4,1,1,1,1,1,1,1,1,0,0,58900.0
PEUGEOT 207 XR SPORT 1.4 FLEX 8V 5P,PEUGEOT,2013,150000,1.4,Flex,Manual,Hidráulica,Branco,4,8,1,1,1,1,1,1,1,1,0,0,21000.0
PEUGEOT 207 SEDAN PASSION XS 1.6 FLEX 16V 4P,PEUGEOT,2010,125000,1.4,Flex,Manual,Hidráulica,Branco,4,0,1,1,1,1,0,0,0,0,0,0,17500.0
PEUGEOT 207 SEDAN PASSION XR 1.4 FLEX 8V 4P,PEUGEOT,2012,96000,1.4,Flex,Manual,Hidráulica,Prata,4,6,1,1,1,1,1,0,1,1,0,0,24500.0
PEUGEOT 206 SOLEIL 1.0 16V 5P,PEUGEOT,2003,123,1.0,Gasolina,Manual,Hidráulica,Azul,4,8,1,1,1,1,1,0,0,0,0,0,9000.0
PEUGEOT 206 FELINE 1.4/ 1.4 FLEX 8V 5P,PEUGEOT,2005,140,1.4,Gasolina,Automático,Hidráulica,Prata,4,3,1,1,1,1,0,1,0,0,0,0,9000.0
PEUGEOT 207 SEDAN PASSION XR 1.4 FLEX 8V 4P,PEUGEOT,2012,140000,1.4,Flex,Manual,Hidráulica,Vermelho,4,5,1,1,1,1,1,1,1,1,0,0,21500.0
PEUGEOT 207 SEDAN PASSION XR 1.4 FLEX 8V 4P,PEUGEOT,2010,110000,1.4,Gasolina,Manual,Hidráulica,Preto,4,4,1,1,1,1,1,0,0,0,0,0,18000.0
PEUGEOT 307 PASSION 2.0 16V 138CV 5P,PEUGEOT,2007,208000,2.0,Gasolina,Automático,Elétrica,Preto,4,0,1,1,1,1,1,1,1,0,1,0,16500.0
PEUGEOT 207 SEDAN PASSION XR 1.4 FLEX 8V 4P,PEUGEOT,2012,195000,1.4,Flex,Manual,Hidráulica,Prata,4,0,1,1,1,1,1,0,0,0,0,0,19000.0
PEUGEOT 206,PEUGEOT,2009,114396,1.4,Gasolina,Manual,Hidráulica,Outra,4,9,1,1,1,1,1,0,0,0,0,0,15000.0
PEUGEOT 207 QUIKSILVER 1.4 FLEX 8V 3P,PEUGEOT,2011,3000000,1.4,Flex,Manual,Hidráulica,Prata,4,6,1,1,1,1,0,1,1,0,0,0,24000.0
PEUGEOT 207 XR SPORT 1.4 FLEX 8V 5P,PEUGEOT,2012,133000,1.4,Flex,Manual,Hidráulica,Branco,4,7,1,1,1,1,1,1,1,0,0,0,22500.0
PEUGEOT 208 PREMIER 1.6 FLEX 16V 5P,PEUGEOT,2014,99100,1.6,Flex,Manual,Elétrica,Outra,4,6,1,1,1,0,1,1,1,1,0,0,37900.0
PEUGEOT 207 QUIKSILVER 1.4 FLEX 8V 5P,PEUGEOT,2013,0,1.4,Flex,Manual,Hidráulica,Cinza,4,6,1,1,1,1,0,0,1,0,0,0,21200.0
PEUGEOT 207 SEDAN PASSION XS 1.6 FLEX 16V 4P,PEUGEOT,2011,167000,1.4,Flex,Manual,Hidráulica,Cinza,4,3,1,1,1,1,1,0,1,0,0,0,17500.0
PEUGEOT 205 CJ CABRIOLET,PEUGEOT,2005,155453,1.6,Gasolina,Manual,Hidráulica,Prata,4,7,0,0,0,0,0,0,0,0,0,0,0.0
PEUGEOT 207 SEDAN PASSION XR 1.4 FLEX 8V 4P,PEUGEOT,2010,123000,1.4,Flex,Manual,Hidráulica,Vermelho,4,1,1,0,1,1,1,0,0,0,0,0,18000.0
PEUGEOT 206 PRESENCE 1.4/ 1.4 FLEX 8V 5P,PEUGEOT,2004,212000,1.4,Gasolina,Manual,Hidráulica,Preto,4,7,1,1,0,1,1,1,0,0,0,0,9000.0
PEUGEOT 208 GRIFFE 1.6 FLEX 16V 5P AUT.,PEUGEOT,2015,92010,1.6,Flex,Automático,Elétrica,Prata,4,2,0,0,0,0,0,0,0,0,0,0,42900.0
PEUGEOT 207 XR 1.4 FLEX 8V 5P,PEUGEOT,2013,89000,1.4,Flex,Manual,Hidráulica,Prata,4,7,1,1,1,1,1,0,1,0,0,0,0.0
PEUGEOT BOXER 2.3 MINIBUS 15/16L TB DIESEL.,PEUGEOT,2012,273,2.0,Diesel,Manual,Hidráulica,Branco,4,5,0,0,1,1,0,0,0,0,0,0,59000.0
PEUGEOT 207 XS 1.6 FLEX 16V 5P AUT.,PEUGEOT,2013,120000,1.6,Flex,Automático,Hidráulica,Cinza,4,6,1,1,1,1,1,1,1,1,0,0,0.0
PEUGEOT 2008 GRIFFE 1.6 FLEX 16V 5P AUT.,PEUGEOT,2019,30000,1.6,Flex,Automático,Elétrica,Branco,4,5,1,1,1,0,1,1,1,1,1,0,73000.0
PEUGEOT 208 ALLURE 1.2 FLEX 12V 5P MEC.,PEUGEOT,2019,21000,1.2,Flex,Manual,Elétrica,Branco,4,3,1,1,1,1,1,1,1,1,1,0,54800.0
PEUGEOT 208 ACTIVE PACK 1.6 FLEX 16V 5P AUT.,PEUGEOT,2015,86000,1.6,Flex,Automático,Elétrica,Vermelho,4,0,1,1,1,0,1,1,1,1,0,0,38500.0
PEUGEOT 207 SW XR 1.4 FLEX 8V 5P,PEUGEOT,2011,110000,1.4,Flex,Manual,Hidráulica,Prata,4,2,1,1,1,1,1,1,1,1,0,0,14300.0
PEUGEOT 207 XR 1.4 FLEX 8V 5P,PEUGEOT,2011,1,1.4,Flex,Manual,Hidráulica,Prata,4,2,1,1,1,1,1,0,1,0,0,0,19500.0
PEUGEOT 208 ACTIVE/ACTIVE PACK 1.5 FLEX 8V 5P,PEUGEOT,2014,80200,1.5,Flex,Manual,Elétrica,Prata,4,0,1,1,1,1,1,1,1,0,0,0,29000.0
PEUGEOT 207 SW XR 1.4 FLEX 8V 5P,PEUGEOT,2011,200000,1.4,Flex,Manual,Hidráulica,Cinza,4,8,1,1,1,1,1,0,1,1,0,0,15000.0
PEUGEOT 207,PEUGEOT,2011,147,1.4,Flex,Manual,Hidráulica,Preto,4,5,1,1,1,1,1,1,1,0,0,0,19990.0
PEUGEOT 206 PRESENCE 1.4/ 1.4 FLEX 8V 5P,PEUGEOT,2008,137,1.4,Flex,Manual,Hidráulica,Prata,4,8,1,1,1,1,1,0,1,0,0,0,9000.0
PEUGEOT 207 XR SPORT 1.4 FLEX 8V 5P,PEUGEOT,2009,95000,1.4,Flex,Manual,Hidráulica,Prata,4,6,1,1,1,1,1,0,1,1,0,0,18900.0
PEUGEOT 408 SEDAN ALLURE 2.0 FLEX 16V 4P MEC.,PEUGEOT,2012,111111,2.0,Flex,Manual,Elétrica,Verde,4,6,1,1,1,0,1,1,0,1,0,0,23000.0
PEUGEOT 207 SEDAN PASSION XR 1.4 FLEX 8V 4P,PEUGEOT,2010,83123,1.4,Flex,Manual,Hidráulica,Preto,4,6,0,0,0,0,0,0,0,0,0,0,14990.0
PEUGEOT 207 XR 1.4 FLEX 8V 5P,PEUGEOT,2012,118000,1.4,Flex,Manual,Hidráulica,Preto,4,2,1,1,1,1,0,0,1,1,0,0,16000.0
PEUGEOT 2008 GRIFFE 1.6 FLEX 16V 5P AUT.,PEUGEOT,2016,82000,1.6,Flex,Automático,Hidráulica,Branco,4,0,1,1,1,1,1,1,1,1,1,0,53000.0
PEUGEOT 207 SED. PASSION XR SPORT 1.4 FLEX 8V 4P,PEUGEOT,2009,137,1.4,Flex,Manual,Hidráulica,Preto,4,4,1,0,1,1,1,0,0,0,0,0,15000.0
PEUGEOT 207 SW XR 1.4 FLEX 8V 5P,PEUGEOT,2013,78000,1.4,Flex,Manual,Hidráulica,Branco,4,4,1,1,1,1,1,1,0,0,0,0,22000.0
PEUGEOT 207 SW XR 1.4 FLEX 8V 5P,PEUGEOT,2011,142675,1.4,Flex,Manual,Hidráulica,Cinza,4,8,1,1,1,1,1,1,1,0,0,0,15300.0
PEUGEOT 207 XR 1.4 FLEX 8V 5P,PEUGEOT,2012,140893,1.4,Flex,Manual,Hidráulica,Vermelho,4,4,1,1,1,1,1,0,1,1,0,0,22000.0
PEUGEOT 207 XR 1.4 FLEX 8V 5P,PEUGEOT,2013,123000,1.4,Flex,Manual,Hidráulica,Vermelho,4,2,1,1,1,1,1,0,1,1,0,0,20500.0
PEUGEOT 207 SW XR SPORT 1.4 FLEX 8V 5P,PEUGEOT,2011,125000,1.4,Flex,Manual,Hidráulica,Prata,4,0,1,1,1,1,1,0,1,0,0,0,18500.0
PEUGEOT 208 GRIFFE 1.6 FLEX 16V 5P AUT.,PEUGEOT,2014,70345,1.6,Flex,Automático,Assistida,Branco,4,2,1,1,1,0,1,1,1,1,0,0,39000.0
PEUGEOT 408 SEDAN GRIFFE 1.6 TURBO 16V 4P AUT.,PEUGEOT,2013,73000,1.6,Gasolina,Automático,Elétrica,Branco,4,0,1,1,1,0,1,1,1,1,0,0,41000.0
PEUGEOT 206 TECHNO 1.0 16V 70CV 5P,PEUGEOT,2005,121000,1.0,Gasolina,Manual,Hidráulica,Cinza,4,6,1,1,1,1,1,0,1,0,0,0,12000.0
PEUGEOT 207 SEDAN PASSION XR 1.4 FLEX 8V 4P,PEUGEOT,2010,144,1.4,Flex,Automático,Hidráulica,Cinza,4,9,1,1,1,1,1,1,1,0,0,0,19000.0
PEUGEOT 207 SW XR SPORT 1.4 FLEX 8V 5P,PEUGEOT,2013,68000,1.4,Flex,Manual,Hidráulica,Prata,4,7,1,1,1,1,1,0,1,0,0,0,21500.0
PEUGEOT 307 SW ALLURE 2.0 16V 5P AUT.,PEUGEOT,2008,194633,2.0,Gasolina,Automático,Hidráulica,Azul,4,0,1,1,1,1,1,1,1,0,0,0,20000.0
PEUGEOT 206 SOLEIL 1.6 5P,PEUGEOT,2000,126000,1.6,Gasolina,Manual,Hidráulica,Branco,4,9,1,1,1,1,0,0,0,0,0,0,12000.0
PEUGEOT 207 SEDAN PASSION XS 1.6 FLEX 16V 4P,PEUGEOT,2012,110000,1.6,Flex,Manual,Hidráulica,Prata,4,5,1,1,1,1,1,1,1,1,0,0,22900.0
PEUGEOT 208 ACTIVE/ACTIVE PACK 1.5 FLEX 8V 5P,PEUGEOT,2014,75000,1.5,Flex,Manual,Hidráulica,Preto,4,6,1,1,1,1,1,1,1,1,0,0,29800.0
PEUGEOT 207 XS 1.6 FLEX 16V 5P,PEUGEOT,2012,110000,1.4,Flex,Manual,Hidráulica,Preto,4,1,1,1,1,1,1,0,1,0,0,0,18500.0
PEUGEOT 207 XR 1.4 FLEX 8V 5P,PEUGEOT,2011,100000,1.4,Gasolina,Manual,Hidráulica,Vermelho,4,4,1,1,0,1,1,1,1,0,0,0,18000.0
PEUGEOT 208 GRIFFE 1.6 FLEX 16V 5P AUT.,PEUGEOT,2014,77500,1.6,Flex,Automático,Hidráulica,Prata,4,1,1,1,1,1,1,1,1,1,0,0,38800.0
PEUGEOT 208 ALLURE 1.2 FLEX 12V 5P MEC.,PEUGEOT,2017,26000,1.2,Gasolina,Manual,Elétrica,Outra,4,9,1,1,1,0,1,1,1,1,0,0,50999.0
PEUGEOT 207 XR SPORT 1.4 FLEX 8V 5P,PEUGEOT,2013,115000,1.4,Flex,Manual,Hidráulica,Prata,4,7,1,1,1,1,1,1,1,0,0,0,21500.0
PEUGEOT 208 ALLURE 1.5 FLEX 8V 5P,PEUGEOT,2014,105000,1.5,Flex,Manual,Elétrica,Branco,4,3,1,1,1,0,1,1,1,0,0,0,32200.0
PEUGEOT 207 XR 1.4 FLEX 8V 5P,PEUGEOT,2012,0,1.4,Flex,Manual,Hidráulica,Cinza,4,6,1,1,1,1,1,0,1,1,0,0,20999.0
PEUGEOT 206 SOLEIL 1.6 16V 110CV 5P,PEUGEOT,2003,253000,1.6,Gasolina,Manual,Hidráulica,Vermelho,4,0,1,1,1,1,0,1,0,0,0,0,10000.0
PEUGEOT 207 XR 1.4 FLEX 8V 5P,PEUGEOT,2012,117000,1.4,Flex,Manual,Hidráulica,Preto,4,2,1,1,1,1,0,0,1,1,0,0,16500.0
PEUGEOT PARTNER FURGÃO 1.6 16V/ 1.6 16V FLEX 3P,PEUGEOT,2006,130000,1.6,Gasolina,Manual,Hidráulica,Branco,2,7,0,0,0,1,1,0,0,0,0,0,15500.0
PEUGEOT 207 XR 1.4 FLEX 8V 5P,PEUGEOT,2011,120000,1.4,Flex,Manual,Hidráulica,Prata,4,4,1,1,1,1,0,1,1,0,0,0,18000.0
PEUGEOT 208 GRIFFE 1.6 FLEX 16V 5P MEC.,PEUGEOT,2014,1520000,4.0,Flex,Manual,Elétrica,Prata,4,0,1,1,1,0,0,1,0,0,0,0,31000.0
PEUGEOT 207 SW XR 1.4 FLEX 8V 5P,PEUGEOT,2011,133282,1.4,Flex,Manual,Hidráulica,Prata,4,6,1,1,1,1,1,0,1,0,0,0,16600.0
PEUGEOT 208 ACTIVE/ACTIVE PACK 1.5 FLEX 8V 5P,PEUGEOT,2015,84000,1.5,Flex,Manual,Elétrica,Branco,4,9,1,1,1,0,1,1,1,0,0,0,38999.0
PEUGEOT 207 SW XR 1.4 FLEX 8V 5P,PEUGEOT,2011,98387,1.4,Flex,Manual,Hidráulica,Prata,4,9,1,1,1,1,1,0,1,0,0,0,18500.0
PEUGEOT 307 MILLESIM200 1.6 FLEX 16V 5P,PEUGEOT,2009,95000,1.6,Flex,Manual,Hidráulica,Prata,4,1,0,0,0,0,0,0,0,0,0,0,20500.0
PEUGEOT 206 ALLURE 1.6 FLEX 16V 5P,PEUGEOT,2001,1,1.6,Gasolina,Manual,Hidráulica,Preto,4,6,1,0,1,1,0,0,0,0,0,0,11900.0
PEUGEOT 307 FELINE 2.0/2.0 FLEX 16V 5P MEC.,PEUGEOT,2007,77300,2.0,Gasolina,Manual,Hidráulica,Cinza,4,1,1,1,1,1,1,1,1,0,0,0,9900.0
PEUGEOT 207 SEDAN PASSION XR 1.4 FLEX 8V 4P,PEUGEOT,2011,120000,1.4,Flex,Manual,Hidráulica,Preto,4,2,1,1,1,1,1,0,0,1,1,0,18000.0
PEUGEOT 207 SED. PASSION XR SPORT 1.4 FLEX 8V 4P,PEUGEOT,2010,143000,1.4,Gasolina,Manual,Hidráulica,Verde,4,9,1,1,1,1,1,0,1,1,0,0,18499.0
PEUGEOT 207 SEDAN PASSION XR 1.4 FLEX 8V 4P,PEUGEOT,2012,120000,1.4,Flex,Manual,Hidráulica,Prata,4,8,1,1,1,1,1,1,1,0,0,0,23500.0
PEUGEOT 207 XR 1.4 FLEX 8V 5P,PEUGEOT,2011,78000,1.4,Flex,Manual,Hidráulica,Prata,4,2,1,1,1,1,1,0,0,0,0,0,18600.0
PEUGEOT 207 XR 1.4 FLEX 8V 5P,PEUGEOT,2013,51100,1.4,Flex,Manual,Hidráulica,Prata,4,4,1,1,1,1,1,0,1,1,0,0,23000.0
PEUGEOT 308 ALLURE 2.0 FLEX 16V 5P AUT.,PEUGEOT,2015,60000,2.0,Flex,Automático,Hidráulica,Branco,4,5,1,1,1,1,1,1,1,1,0,0,46000.0
PEUGEOT 207 XS 1.6 FLEX 16V 5P AUT.,PEUGEOT,2013,42000,1.6,Flex,Automático,Hidráulica,Cinza,4,6,1,1,1,1,1,1,1,1,0,0,25000.0
PEUGEOT 207,PEUGEOT,2011,180000,1.4,Flex,Manual,Hidráulica,Prata,4,3,1,1,1,1,0,0,1,0,0,0,14000.0
PEUGEOT 2008 GRIFFE 1.6 FLEX 16V 5P AUT.,PEUGEOT,2020,12000,1.6,Flex,Automático,Elétrica,Branco,4,8,1,1,1,0,1,1,1,1,0,0,84900.0
PEUGEOT 2008 ALLURE 1.6 FLEX 16V 5P AUT.,PEUGEOT,2017,49000,1.6,Flex,Automático,Elétrica,Branco,4,9,1,1,1,0,1,1,1,0,0,0,51990.0
PEUGEOT 408 SEDAN ALLURE 2.0 FLEX 16V 4P MEC.,PEUGEOT,2012,111111,2.0,Flex,Manual,Elétrica,Verde,4,6,1,1,1,1,1,1,0,1,0,0,25500.0
PEUGEOT 207 SW XR 1.4 FLEX 8V 5P,PEUGEOT,2011,180,1.4,Flex,Manual,Hidráulica,Prata,4,6,1,1,1,1,0,1,1,0,0,0,19500.0
PEUGEOT 208 ACTIVE PACK 1.2 FLEX 12V 5P MEC.,PEUGEOT,2017,145000,1.2,Flex,Manual,Elétrica,Prata,4,0,1,1,1,1,1,1,1,0,0,0,38000.0
PEUGEOT 207 XR 1.4 FLEX 8V 5P,PEUGEOT,2013,135000,1.4,Flex,Manual,Hidráulica,Prata,4,7,1,1,1,1,0,1,1,1,0,0,8500.0
PEUGEOT 207 SEDAN PASSION XR 1.4 FLEX 8V 4P,PEUGEOT,2014,153000,1.4,Flex,Manual,Hidráulica,Prata,4,1,1,1,1,1,1,1,1,1,0,0,23000.0
PEUGEOT 207 XR 1.4 FLEX 8V 5P,PEUGEOT,2013,230,1.4,Flex,Manual,Hidráulica,Branco,4,7,1,1,1,1,1,1,1,1,0,0,20000.0
PEUGEOT 206 SOLEIL 1.6 16V 110CV 5P,PEUGEOT,2001,170000,1.6,Gasolina,Manual,Hidráulica,Prata,4,9,1,0,1,1,1,0,1,0,0,0,11000.0
PEUGEOT 206,PEUGEOT,2003,1234,1.0,Gasolina,Manual,Hidráulica,Azul,4,8,1,1,1,1,1,1,1,0,0,0,9000.0
PEUGEOT 208 GRIFFE 1.6 FLEX 16V 5P AUT.,PEUGEOT,2017,29300,1.6,Flex,Automático,Elétrica,Branco,4,2,1,1,1,0,1,1,1,1,1,0,49500.0
PEUGEOT 408 SEDAN ALLURE 2.0 FLEX 16V 4P MEC.,PEUGEOT,2012,110000,2.0,Flex,Manual,Hidráulica,Verde,4,7,1,1,1,1,1,1,1,1,0,0,24500.0
PEUGEOT 408 SEDAN ALLURE 2.0 FLEX 16V 4P MEC.,PEUGEOT,2012,112241,2.0,Flex,Manual,Elétrica,Verde,4,5,1,1,1,0,1,1,1,1,1,0,24000.0
PEUGEOT 206 SENSATION 1.4 FLEX 8V 3P,PEUGEOT,2008,127688,1.4,Flex,Manual,Mecânica,Preto,2,0,0,0,0,0,1,0,1,1,0,0,11500.0
PEUGEOT 2008 GRIFFE 1.6 FLEX 16V 5P AUT.,PEUGEOT,2019,30000,1.6,Flex,Automático,Elétrica,Branco,4,5,1,1,1,0,1,1,1,1,1,0,71000.0
PEUGEOT 207 SW XR SPORT 1.4 FLEX 8V 5P,PEUGEOT,2009,130000,1.4,Flex,Manual,Hidráulica,Prata,4,6,1,1,1,1,1,0,1,0,0,0,18000.0
PEUGEOT 207 XR SPORT 1.4 FLEX 8V 5P,PEUGEOT,2011,148000,1.4,Flex,Manual,Hidráulica,Branco,4,3,0,0,0,0,0,0,0,0,0,0,20000.0
PEUGEOT 206 SOLEIL 1.0 16V 5P,PEUGEOT,2011,1,1.0,Gasolina,Manual,Hidráulica,Prata,4,7,1,1,1,1,1,0,1,1,1,0,9300.0
PEUGEOT 207 SW ESCAPADE 1.6 16V FLEX 5P,PEUGEOT,2011,140000,1.4,Flex,Manual,Hidráulica,Preto,4,5,1,1,1,1,1,0,1,0,0,0,18900.0
PEUGEOT 408 SEDAN ALLURE 2.0 FLEX 16V 4P MEC.,PEUGEOT,2012,112232,2.0,Flex,Manual,Elétrica,Verde,4,6,1,1,1,1,1,1,0,1,0,0,23900.0
PEUGEOT 207 SEDAN PASSION XR 1.4 FLEX 8V 4P,PEUGEOT,2009,140000,1.4,Flex,Manual,Elétrica,Prata,4,1,1,1,1,0,1,0,1,0,0,0,18500.0
PEUGEOT 208 PREMIER 1.6 FLEX 16V 5P,PEUGEOT,2014,99000,1.6,Flex,Manual,Elétrica,Outra,4,6,1,1,1,0,1,1,1,1,0,0,34900.0
PEUGEOT 3008 GRIFFE 1.6 TURBO 16V 5P AUT.,PEUGEOT,2018,41050,1.6,Gasolina,Automático,Elétrica,Preto,4,0,1,1,1,0,1,1,1,1,1,0,117800.0
PEUGEOT 206 SOLEIL 1.6 3P,PEUGEOT,2001,175000,1.6,Gasolina,Manual,Hidráulica,Cinza,2,9,1,1,1,1,1,0,0,0,0,0,8500.0
PEUGEOT 2008 ALLURE 1.6 FLEX 16V 5P AUT.,PEUGEOT,2017,49256,1.6,Flex,Automático,Elétrica,Branco,4,9,1,1,1,1,1,1,1,1,0,0,52000.0
PEUGEOT 207 SEDAN PASSION XR 1.4 FLEX 8V 4P,PEUGEOT,2012,172000,1.4,Flex,Manual,Hidráulica,Prata,4,7,1,1,1,1,1,1,1,0,0,0,21500.0
PEUGEOT 207 SEDAN PASSION XR 1.4 FLEX 8V 4P,PEUGEOT,2009,200000,1.4,Flex,Manual,Hidráulica,Preto,4,9,1,1,1,1,1,0,0,1,0,0,10000.0
PEUGEOT 206 SW PRESENCE 1.4/ 1.4 FLEX 8V 5P,PEUGEOT,2008,136000,1.4,Flex,Manual,Hidráulica,Prata,4,9,1,1,1,1,1,1,1,1,0,0,12800.0
PEUGEOT 207 SEDAN PASSION XR 1.4 FLEX 8V 4P,PEUGEOT,2009,140000,1.4,Flex,Manual,Elétrica,Prata,4,1,1,1,1,0,1,0,1,0,0,0,16500.0
PEUGEOT 207 SEDAN PASSION XR 1.4 FLEX 8V 4P,PEUGEOT,2013,0,1.4,Flex,Manual,Hidráulica,Prata,4,2,1,1,1,1,1,0,0,0,0,0,25900.0
PEUGEOT 2008 GRIFFE 1.6 FLEX 16V 5P AUT.,PEUGEOT,2016,46000,1.6,Flex,Automático,Elétrica,Preto,4,8,1,1,1,0,1,1,1,1,0,0,53500.0
PEUGEOT 206 PRESENCE 1.4/ 1.4 FLEX 8V 5P,PEUGEOT,2008,173233,1.4,Flex,Manual,Hidráulica,Prata,4,0,1,1,1,1,1,1,1,0,0,0,11500.0
PEUGEOT 207 SW ESCAPADE 1.6 16V FLEX 5P,PEUGEOT,2010,129000,1.6,Flex,Manual,Hidráulica,Prata,4,7,1,1,1,1,1,0,1,0,0,0,19000.0
PEUGEOT 408 SEDAN ALLURE 2.0 FLEX 16V 4P MEC.,PEUGEOT,2012,112126,2.0,Flex,Manual,Elétrica,Verde,4,6,1,1,1,1,1,1,1,1,0,0,23900.0
PEUGEOT 207 SW XR 1.4 FLEX 8V 5P,PEUGEOT,2011,143000,1.4,Flex,Manual,Hidráulica,Verde,4,8,1,1,1,1,1,1,1,0,0,0,14000.0
PEUGEOT 206,PEUGEOT,2006,244298,1.4,Flex,Manual,Hidráulica,Outra,4,2,1,1,1,1,0,0,1,1,0,0,12000.0
PEUGEOT 207 SED. PASSION XR SPORT 1.4 FLEX 8V 4P,PEUGEOT,2011,100000,1.4,Flex,Manual,Hidráulica,Cinza,4,9,1,1,1,1,0,0,1,1,0,0,20000.0
PEUGEOT 207 XR 1.4 FLEX 8V 5P,PEUGEOT,2013,1111111,1.4,Flex,Manual,Hidráulica,Vermelho,4,2,1,1,1,1,1,1,1,1,0,0,24000.0
PEUGEOT 207 SEDAN PASSION XR 1.4 FLEX 8V 4P,PEUGEOT,2013,1,1.4,Flex,Manual,Hidráulica,Prata,4,1,1,1,1,1,1,1,1,1,0,0,24000.0
PEUGEOT 408 SEDAN ALLURE 2.0 FLEX 16V 4P MEC.,PEUGEOT,2012,110000,2.0,Flex,Manual,Elétrica,Verde,4,5,1,1,1,1,1,1,1,1,0,0,22800.0
PEUGEOT 208 ACTIVE/ACTIVE PACK 1.5 FLEX 8V 5P,PEUGEOT,2014,75000,1.5,Flex,Manual,Hidráulica,Preto,4,3,1,1,1,1,1,1,1,0,1,0,32900.0
PEUGEOT 207 XR SPORT 1.4 FLEX 8V 5P,PEUGEOT,2010,81000,1.4,Flex,Manual,Hidráulica,Cinza,4,4,1,1,1,1,1,0,1,0,0,0,16500.0
PEUGEOT 208 ALLURE 1.6 FLEX 16V 5P AUT.,PEUGEOT,2018,45000,1.6,Flex,Automático,Elétrica,Branco,4,8,1,1,1,0,1,1,1,1,0,0,56000.0
PEUGEOT 408 SEDAN ALLURE 2.0 FLEX 16V 4P MEC.,PEUGEOT,2012,112000,2.0,Flex,Manual,Elétrica,Verde,4,6,1,1,1,1,1,1,1,1,0,0,23900.0
PEUGEOT 207 XR 1.4 FLEX 8V 5P,PEUGEOT,2011,140,1.4,Flex,Manual,Hidráulica,Cinza,4,0,1,1,1,1,0,0,1,1,1,0,16900.0
PEUGEOT 308 FELINE 2.0 FLEX 16V 5P AUT.,PEUGEOT,2013,114000,2.0,Flex,Automático,Hidráulica,Verde,4,3,1,0,1,1,1,1,1,1,0,0,33000.0
PEUGEOT 208 GRIFFE 1.6 FLEX 16V 5P MEC.,PEUGEOT,2021,1393,1.6,Flex,Automático,Elétrica,Preto,4,8,1,1,1,0,1,1,1,1,1,0,97000.0
PEUGEOT 207 SEDAN PASSION XR 1.4 FLEX 8V 4P,PEUGEOT,2009,0,1.4,Gasolina,Manual,Hidráulica,Outra,4,9,1,1,1,1,1,0,1,0,0,0,13700.0
PEUGEOT 408 SEDAN ALLURE 2.0 FLEX 16V 4P MEC.,PEUGEOT,2012,111133,2.0,Flex,Manual,Elétrica,Verde,4,6,1,1,1,1,1,1,1,1,0,0,23900.0
PEUGEOT 206 SELECTION/ SENSATION 1.0 16V 3P,PEUGEOT,2005,143092,1.0,Gasolina,Manual,Hidráulica,Prata,4,2,1,1,1,1,0,0,1,0,0,0,5000.0
PEUGEOT 307 SED. PRESENCE 1.6 FLEX 16V 4P,PEUGEOT,2009,20000000,1.6,Gasolina,Manual,Hidráulica,Preto,4,7,0,0,0,0,0,0,0,0,0,0,6000.0
PEUGEOT 406 BREAK ST 2.0,PEUGEOT,2009,200000,1.4,Flex,Manual,Hidráulica,Preto,4,2,0,0,0,0,0,0,0,0,0,0,14900.0
PEUGEOT 206 SW PRESENCE 1.4/ 1.4 FLEX 8V 5P,PEUGEOT,2007,70000,1.4,Flex,Manual,Hidráulica,Cinza,4,0,1,1,1,0,1,1,0,0,0,0,6500.0
PEUGEOT 207 XS 1.6 FLEX 16V 5P AUT.,PEUGEOT,2011,113000,1.6,Flex,Automático,Hidráulica,Prata,4,3,1,1,1,1,1,1,1,0,0,0,14500.0
PEUGEOT 207 SEDAN PASSION XS 1.6 FLEX 16V 4P,PEUGEOT,2010,94813,1.6,Flex,Manual,Hidráulica,Prata,4,9,1,1,1,1,1,0,1,0,0,0,21000.0
PEUGEOT PARTNER FURGÃO 1.6 16V/ 1.6 16V FLEX 3P,PEUGEOT,2021,4500,1.6,Flex,Manual,Hidráulica,Branco,2,7,0,1,1,1,1,1,1,1,1,0,73900.0
PEUGEOT 207 SW XR 1.4 FLEX 8V 5P,PEUGEOT,2013,100,1.4,Flex,Manual,Hidráulica,Azul,4,1,1,1,1,1,1,0,1,0,0,0,20800.0
PEUGEOT 207 SW XR 1.4 FLEX 8V 5P,PEUGEOT,2013,89555,1.4,Flex,Manual,Hidráulica,Azul,4,1,1,1,0,1,0,0,1,0,0,0,0.0
PEUGEOT 207 XR SPORT 1.4 FLEX 8V 5P,PEUGEOT,2013,115000,1.4,Flex,Manual,Hidráulica,Prata,4,7,1,1,1,1,1,1,1,0,0,0,20000.0
PEUGEOT 206 SOLEIL/QUIKSILVER 1.0 16V 3P,PEUGEOT,2003,171599,1.0,Gasolina,Manual,Hidráulica,Azul,4,8,1,1,1,1,1,1,1,0,0,0,13500.0
PEUGEOT 206 FELINE 1.4/ 1.4 FLEX 8V 5P,PEUGEOT,2008,0,1.4,Flex,Manual,Hidráulica,Prata,4,0,1,1,1,1,1,1,1,0,0,0,10800.0
PEUGEOT 207 QUIKSILVER 1.4 FLEX 8V 5P,PEUGEOT,2010,160000,1.4,Gasolina,Manual,Hidráulica,Prata,4,4,1,1,1,1,1,1,1,0,0,0,13800.0
PEUGEOT 206 SOLEIL 1.6 5P,PEUGEOT,2001,111111,1.6,Gasolina,Manual,Mecânica,Cinza,4,6,0,0,0,0,0,0,0,0,0,0,8000.0
PEUGEOT 207 XR 1.4 FLEX 8V 5P,PEUGEOT,2011,0,1.4,Flex,Manual,Hidráulica,Vermelho,4,4,1,1,1,1,1,0,1,1,0,0,15500.0
PEUGEOT 206 FELINE 1.4/ 1.4 FLEX 8V 5P,PEUGEOT,2008,0,1.4,Flex,Manual,Hidráulica,Prata,4,0,1,1,1,1,1,1,1,0,0,0,9900.0
PEUGEOT 207 XR 1.4 FLEX 8V 5P,PEUGEOT,2012,118000,1.4,Flex,Manual,Hidráulica,Preto,4,2,1,1,1,1,0,0,1,1,0,0,14999.0
PEUGEOT 207 SW XR 1.4 FLEX 8V 5P,PEUGEOT,2013,127000,1.4,Flex,Manual,Hidráulica,Prata,4,6,1,1,1,1,1,0,1,1,0,0,24000.0
PEUGEOT ,PEUGEOT,2013,68000,1.4,Flex,Manual,Hidráulica,Prata,4,7,0,0,0,0,0,0,0,0,0,0,20000.0
PEUGEOT 206 FELINE 1.4/ 1.4 FLEX 8V 5P,PEUGEOT,2006,1,1.4,Flex,Manual,Hidráulica,Prata,4,2,1,0,1,1,0,0,0,0,0,0,13900.0
PEUGEOT 207 QUIKSILVER 1.4 FLEX 8V 3P,PEUGEOT,2012,85439,1.4,Gasolina,Automático,Hidráulica,Branco,2,9,1,1,1,0,1,0,0,0,0,0,17000.0
PEUGEOT 206 PRESENCE 1.4/ 1.4 FLEX 8V 5P,PEUGEOT,2008,12345,1.4,Flex,Manual,Hidráulica,Prata,4,0,1,1,1,1,1,1,1,0,0,0,12500.0
PEUGEOT 207 SEDAN PASSION XR 1.4 FLEX 8V 4P,PEUGEOT,2011,149620,1.4,Flex,Manual,Hidráulica,Branco,4,9,1,1,1,1,1,1,1,0,0,0,16700.0
PEUGEOT 207 SEDAN PASSION XR 1.4 FLEX 8V 4P,PEUGEOT,2013,1,1.4,Flex,Manual,Hidráulica,Prata,4,1,1,1,1,1,1,1,1,1,0,0,22000.0
PEUGEOT 206 SOLEIL 1.6 3P,PEUGEOT,2001,160000,1.6,Gasolina,Manual,Hidráulica,Cinza,2,9,1,1,1,1,1,0,0,0,0,0,8000.0
PEUGEOT 207 SW ESCAPADE 1.6 16V FLEX 5P,PEUGEOT,2011,140,1.4,Flex,Manual,Hidráulica,Preto,4,5,1,1,1,1,1,1,1,0,0,0,19900.0
PEUGEOT 207 SEDAN PASSION XR 1.4 FLEX 8V 4P,PEUGEOT,2011,140000,1.4,Flex,Manual,Hidráulica,Outra,4,9,1,1,1,1,1,1,1,1,0,0,20000.0
PEUGEOT 408 SEDAN ALLURE 2.0 FLEX 16V 4P MEC.,PEUGEOT,2012,110534,2.0,Flex,Manual,Elétrica,Verde,4,6,1,0,1,1,1,1,0,1,0,0,23500.0
PEUGEOT 206 SELECTION/ SENSATION 1.0 16V 5P,PEUGEOT,2003,1,1.0,Gasolina,Manual,Mecânica,Prata,4,9,1,1,1,0,1,1,0,0,0,0,10000.0
PEUGEOT 207 XR SPORT 1.4 FLEX 8V 5P,PEUGEOT,2009,110000,1.4,Flex,Manual,Hidráulica,Prata,4,6,1,1,1,1,1,0,1,1,0,0,18900.0
PEUGEOT 2008 ALLURE 1.6 FLEX 16V 5P MEC.,PEUGEOT,2017,49900,1.6,Flex,Manual,Elétrica,Prata,4,3,1,1,1,1,1,1,1,1,0,0,50000.0
PEUGEOT 206 FELINE 1.4/ 1.4 FLEX 8V 5P,PEUGEOT,2007,234359,1.4,Flex,Manual,Hidráulica,Prata,4,0,1,1,1,1,0,0,0,0,0,0,12000.0
PEUGEOT 207 SEDAN PASSION XR 1.4 FLEX 8V 4P,PEUGEOT,2009,100000,1.6,Flex,Manual,Hidráulica,Cinza,4,9,1,1,1,1,0,0,1,0,0,0,17000.0
PEUGEOT 5008 GRIFFE PACK 1.6 TURBO 16V 5P AUT.,PEUGEOT,2019,19000,1.6,Gasolina,Manual,Assistida,Branco,4,7,1,1,1,1,1,1,1,1,1,0,157000.0
PEUGEOT 207 SED. PASSION XR SPORT 1.4 FLEX 8V 4P,PEUGEOT,2010,86000,1.4,Flex,Manual,Hidráulica,Verde,4,8,1,1,1,1,1,1,1,0,0,0,20500.0
PEUGEOT 207 SW XR 1.4 FLEX 8V 5P,PEUGEOT,2011,115000,1.4,Flex,Manual,Hidráulica,Prata,4,2,1,1,1,1,0,1,1,0,0,0,15000.0
PEUGEOT 207 SEDAN PASSION XR 1.4 FLEX 8V 4P,PEUGEOT,2011,100000,1.4,Flex,Manual,Hidráulica,Prata,4,5,1,1,1,1,1,0,1,0,0,0,17000.0
PEUGEOT 207 SEDAN PASSION XR 1.4 FLEX 8V 4P,PEUGEOT,2011,100000,1.4,Flex,Manual,Hidráulica,Cinza,4,9,1,1,1,1,1,0,1,0,0,0,20000.0
PEUGEOT 208 ALLURE 1.5 FLEX 8V 5P,PEUGEOT,2014,142000,1.5,Flex,Manual,Hidráulica,Branco,4,6,1,1,1,1,1,1,0,0,0,0,38000.0
PEUGEOT 207 XS 1.6 FLEX 16V 5P,PEUGEOT,2010,153000,1.6,Flex,Manual,Hidráulica,Verde,4,4,1,1,1,1,1,1,0,0,0,0,18500.0
PEUGEOT 307,PEUGEOT,2008,148000,2.0,Gasolina,Manual,Hidráulica,Prata,4,6,1,1,1,1,1,1,1,0,0,0,12000.0
PEUGEOT 207 SW XR 1.4 FLEX 8V 5P,PEUGEOT,2010,144000,1.4,Flex,Manual,Hidráulica,Cinza,4,4,1,1,1,1,1,1,1,0,0,0,15000.0
PEUGEOT 206 SW FELINE 1.6/ 1.6 FLEX 16V 5P,PEUGEOT,2006,99,1.6,Flex,Manual,Hidráulica,Prata,4,0,1,1,1,1,1,1,1,0,0,0,13200.0
PEUGEOT 206 MOONLIGHT 1.4 FLEX 8V 5P,PEUGEOT,2008,200000,1.4,Gasolina,Manual,Hidráulica,Preto,4,1,1,1,1,1,1,1,1,1,1,0,10000.0
PEUGEOT 208 GRIFFE 1.6 FLEX 16V 5P AUT.,PEUGEOT,2019,23000,1.6,Flex,Automático,Elétrica,Outra,4,6,1,1,1,0,1,1,1,1,1,0,63990.0
PEUGEOT 207 SW ESCAPADE 1.6 16V FLEX 5P,PEUGEOT,2011,140,1.4,Flex,Manual,Hidráulica,Preto,4,5,1,1,1,1,1,0,1,1,0,0,18900.0
PEUGEOT 307 SOLEIL/ PRESENCE 1.6/1.6 FLEX 16V 5P,PEUGEOT,2009,121476,1.6,Flex,Manual,Elétrica,Preto,4,6,1,0,1,1,1,1,0,1,0,0,7000.0
PEUGEOT 3008 GRIFFE 1.6 TURBO 16V 5P AUT.,PEUGEOT,2012,5280,1.6,Gasolina,Automático,Hidráulica,Prata,4,5,0,0,0,0,0,0,0,0,0,0,32500.0
PEUGEOT 208 ACTIVE PACK 1.2 FLEX 12V 5P MEC.,PEUGEOT,2017,48000,1.2,Flex,Manual,Elétrica,Branco,4,4,1,1,1,1,1,1,1,1,0,0,45000.0
PEUGEOT 207 SW XR 1.4 FLEX 8V 5P,PEUGEOT,2010,142000,1.4,Flex,Manual,Hidráulica,Cinza,4,4,1,1,1,1,1,1,1,0,1,0,15000.0
PEUGEOT 207 XR 1.4 FLEX 8V 5P,PEUGEOT,2011,100000,1.4,Gasolina,Manual,Hidráulica,Vermelho,4,4,1,1,0,1,1,1,1,0,0,0,20000.0
PEUGEOT 208 ACTIVE 1.2 FLEX 12V 5P MEC.,PEUGEOT,2017,27000,1.2,Flex,Manual,Elétrica,Prata,4,5,1,1,1,0,1,1,1,1,1,0,46000.0
PEUGEOT 408 SEDAN ALLURE 2.0 FLEX 16V 4P MEC.,PEUGEOT,2012,112000,2.0,Flex,Manual,Elétrica,Verde,4,6,1,1,1,1,1,1,1,1,0,0,24900.0
PEUGEOT 206 CC 1.6 16V 2P,PEUGEOT,2006,108,1.6,Flex,Manual,Hidráulica,Prata,4,9,1,1,1,1,1,1,1,0,0,0,12000.0
PEUGEOT 307 CC 2.0 16V 138CV 2P MEC.,PEUGEOT,2005,100000,2.0,Gasolina,Automático,Hidráulica,Vermelho,2,2,1,1,0,1,0,1,0,0,0,0,45000.0
PEUGEOT 208 ALLURE 1.6 FLEX 16V 5P AUT.,PEUGEOT,2017,52000,1.6,Flex,Automático,Elétrica,Branco,4,8,1,1,1,0,1,1,0,1,0,0,47900.0
PEUGEOT 307 SED. FELINE 2.0/2.0 FLEX 16V 4P MEC.,PEUGEOT,2007,77000,2.0,Gasolina,Manual,Assistida,Prata,4,1,1,1,1,1,1,1,1,0,0,0,18000.0
PEUGEOT 208 GRIFFE 1.6 FLEX 16V 5P AUT.,PEUGEOT,2021,21502,1.6,Flex,Automático,Elétrica,Preto,4,8,1,1,1,0,1,1,1,1,1,0,91500.0
PEUGEOT HOGGAR XR 1.4 FLEX 8V 2P,PEUGEOT,2011,0,1.4,Flex,Manual,Hidráulica,Branco,2,3,1,1,1,1,1,0,0,0,0,0,25000.0
PEUGEOT 207 XR 1.4 FLEX 8V 5P,PEUGEOT,2011,120000,1.4,Flex,Manual,Hidráulica,Cinza,4,8,1,1,1,1,1,1,1,1,0,0,13700.0
PEUGEOT 408 SEDAN ALLURE 2.0 FLEX 16V 4P AUT.,PEUGEOT,2012,89000,2.0,Flex,Automático,Hidráulica,Azul,4,8,1,1,1,1,1,1,1,1,0,0,37000.0
PEUGEOT 3008 GRIFFE PACK 1.6 TURBO 16V 5P AUT.,PEUGEOT,2019,38,1.6,Gasolina,Automático,Elétrica,Branco,4,7,0,0,0,0,0,0,0,0,0,0,160000.0
PEUGEOT 308 ALLURE 2.0 FLEX 16V 5P MEC.,PEUGEOT,2013,92320,2.0,Flex,Manual,Hidráulica,Branco,4,4,1,1,1,1,1,1,0,1,0,0,34900.0
PEUGEOT 207 SW ESCAPADE 1.6 16V FLEX 5P,PEUGEOT,2011,140,1.4,Flex,Manual,Hidráulica,Preto,4,5,1,1,1,1,1,1,1,0,0,0,19000.0
PEUGEOT 206 PASSION 1.6,PEUGEOT,2006,139197,1.6,Flex,Manual,Hidráulica,Prata,4,9,1,1,1,1,1,0,1,0,0,0,14000.0
PEUGEOT 408 SEDAN ALLURE 2.0 FLEX 16V 4P MEC.,PEUGEOT,2012,112000,2.0,Flex,Manual,Elétrica,Verde,4,6,1,1,1,1,1,1,1,1,0,0,23999.0
PEUGEOT 207 XR SPORT 1.4 FLEX 8V 3P,PEUGEOT,2010,78000,1.4,Flex,Manual,Hidráulica,Prata,4,4,1,1,1,0,0,0,1,0,0,0,26500.0
PEUGEOT 408 SEDAN ALLURE 2.0 FLEX 16V 4P MEC.,PEUGEOT,2012,112000,2.0,Flex,Manual,Elétrica,Verde,4,6,1,1,1,1,1,1,1,1,0,0,25000.0
PEUGEOT 207 XR 1.4 FLEX 8V 5P,PEUGEOT,2013,130000,1.4,Flex,Manual,Hidráulica,Preto,4,7,1,1,1,1,1,1,1,0,0,0,9000.0
PEUGEOT 207 SEDAN PASSION XR 1.4 FLEX 8V 4P,PEUGEOT,2010,1400100,1.4,Flex,Manual,Hidráulica,Cinza,4,2,0,1,1,1,1,0,1,1,0,0,19000.0
PEUGEOT 408 SEDAN ALLURE 2.0 FLEX 16V 4P MEC.,PEUGEOT,2012,112000,2.0,Flex,Manual,Elétrica,Verde,4,6,1,1,1,1,1,1,1,1,0,0,23500.0
PEUGEOT 408 SEDAN ALLURE 2.0 FLEX 16V 4P MEC.,PEUGEOT,2012,69500,2.0,Flex,Manual,Elétrica,Branco,4,8,1,1,1,0,1,1,1,1,0,0,28500.0
PEUGEOT 408 SEDAN ALLURE 2.0 FLEX 16V 4P MEC.,PEUGEOT,2012,112000,2.0,Flex,Manual,Elétrica,Verde,4,6,1,1,1,1,1,1,1,1,0,0,24200.0
PEUGEOT 208 GRIFFE 1.6 FLEX 16V 5P AUT.,PEUGEOT,2016,78000,1.6,Flex,Automático,Hidráulica,Branco,4,5,1,1,1,1,1,1,1,1,1,0,47000.0
PEUGEOT 207 SEDAN PASSION XR 1.4 FLEX 8V 4P,PEUGEOT,2014,1,1.4,Flex,Manual,Hidráulica,Prata,4,1,1,1,1,1,1,1,1,1,0,0,21500.0
PEUGEOT 408 SEDAN ALLURE 2.0 FLEX 16V 4P MEC.,PEUGEOT,2012,112000,2.0,Flex,Manual,Elétrica,Verde,4,6,1,1,1,0,1,1,1,1,0,0,24000.0
PEUGEOT 207 QUIKSILVER 1.4 FLEX 8V 5P,PEUGEOT,2011,98542,1.4,Flex,Manual,Hidráulica,Prata,4,2,1,1,1,1,1,1,1,1,1,0,15900.0
PEUGEOT 207 XS 1.6 FLEX 16V 5P AUT.,PEUGEOT,2013,43000,1.6,Flex,Automático,Hidráulica,Cinza,4,6,1,1,1,1,1,1,1,1,0,0,25000.0
PEUGEOT 206 PRESENCE 1.4/ 1.4 FLEX 8V 5P,PEUGEOT,2008,136000,1.4,Flex,Manual,Hidráulica,Prata,4,9,1,1,1,1,1,1,1,0,0,0,11500.0
PEUGEOT 207 SEDAN PASSION XR 1.4 FLEX 8V 4P,PEUGEOT,2010,1111111111,1.4,Flex,Manual,Hidráulica,Cinza,4,2,0,1,1,1,1,0,1,1,0,0,19000.0
PEUGEOT 408 SEDAN ALLURE 2.0 FLEX 16V 4P MEC.,PEUGEOT,2012,112324,2.0,Flex,Manual,Elétrica,Verde,4,6,1,1,1,1,1,1,1,1,0,0,23900.0
PEUGEOT 207 SEDAN PASSION XS 1.6 FLEX 16V 4P AUT,PEUGEOT,2010,128000,1.6,Gasolina,Automático,Hidráulica,Cinza,4,0,1,1,1,1,1,0,1,1,0,0,0.0
PEUGEOT 207 SEDAN PASSION XR 1.4 FLEX 8V 4P,PEUGEOT,2010,140000,1.4,Flex,Manual,Hidráulica,Preto,4,5,1,1,1,1,1,1,1,1,0,0,18500.0
PEUGEOT 207 SEDAN PASSION XS 1.6 FLEX 16V 4P AUT,PEUGEOT,2013,84000,1.6,Flex,Automático,Hidráulica,Outra,4,7,1,1,1,1,1,1,1,1,0,0,25000.0
PEUGEOT 307 SED. PRESENCE 1.6 FLEX 16V 4P,PEUGEOT,2010,174000,1.6,Flex,Manual,Assistida,Prata,4,6,1,1,1,1,1,1,1,1,0,0,19000.0
PEUGEOT ,PEUGEOT,2010,115000,1.4,Flex,Manual,Hidráulica,Preto,4,8,1,1,1,1,1,0,1,0,0,0,16000.0
PEUGEOT 307 SED. PRESENCE 1.6 FLEX 16V 4P,PEUGEOT,2010,135000,1.6,Flex,Manual,Hidráulica,Verde,4,1,1,1,1,1,1,1,1,0,0,0,15500.0
PEUGEOT 207 SEDAN PASSION XR 1.4 FLEX 8V 4P,PEUGEOT,2009,0,1.4,Flex,Manual,Hidráulica,Prata,4,2,1,1,1,1,1,0,0,0,1,0,16000.0
PEUGEOT 308 FELINE 2.0 FLEX 16V 5P AUT.,PEUGEOT,2013,120000,2.0,Flex,Automático,Hidráulica,Cinza,4,3,1,1,1,1,1,1,1,1,0,0,34800.0
PEUGEOT 207 SW XR 1.4 FLEX 8V 5P,PEUGEOT,2012,99999999,1.4,Flex,Manual,Hidráulica,Preto,4,6,1,1,1,1,1,0,0,0,0,0,15800.0
PEUGEOT 408 SEDAN ALLURE 2.0 FLEX 16V 4P MEC.,PEUGEOT,2012,112324,2.0,Flex,Manual,Elétrica,Verde,4,6,1,1,1,1,1,1,1,1,0,0,24700.0
PEUGEOT 208 ALLURE INCONCERT 1.6 FLEX 16V 5P AUT,PEUGEOT,2016,45617,1.6,Flex,Automático,Elétrica,Prata,4,2,1,1,1,0,1,1,1,1,0,0,45500.0
PEUGEOT 207 SW XR SPORT 1.4 FLEX 8V 5P,PEUGEOT,2010,122,1.4,Flex,Manual,Hidráulica,Cinza,4,5,1,1,1,1,1,0,0,0,0,0,19000.0
PEUGEOT 207 SW XR 1.4 FLEX 8V 5P,PEUGEOT,2012,0,1.4,Flex,Manual,Hidráulica,Branco,4,4,1,1,1,1,1,0,1,0,0,0,21000.0
PEUGEOT 207 XR 1.4 FLEX 8V 5P,PEUGEOT,2011,150,1.4,Flex,Manual,Hidráulica,Cinza,4,8,1,1,1,1,1,1,1,1,0,0,14300.0
PEUGEOT 207 SW XR SPORT 1.4 FLEX 8V 5P,PEUGEOT,2011,146,1.4,Flex,Manual,Hidráulica,Branco,4,8,1,1,1,1,1,1,1,1,0,0,15500.0
PEUGEOT HOGGAR XR 1.4 FLEX 8V 2P,PEUGEOT,2011,0,1.4,Flex,Manual,Hidráulica,Branco,2,3,1,1,1,1,1,0,0,0,0,0,24900.0
PEUGEOT 207 SEDAN PASSION XS 1.6 FLEX 16V 4P AUT,PEUGEOT,2013,84000,1.6,Flex,Automático,Hidráulica,Outra,4,7,1,1,1,1,1,1,1,1,0,0,24500.0
PEUGEOT 207 SEDAN PASSION XR 1.4 FLEX 8V 4P,PEUGEOT,2009,100000,1.4,Flex,Manual,Hidráulica,Prata,4,8,1,1,1,1,1,0,1,0,0,0,16000.0
PEUGEOT 207 SEDAN PASSION XS 1.6 FLEX 16V 4P,PEUGEOT,2011,60000,1.6,Flex,Manual,Hidráulica,Branco,4,7,1,1,0,1,1,1,0,0,0,0,21900.0
PEUGEOT 208 GRIFFE 1.6 FLEX 16V 5P MEC.,PEUGEOT,2016,75000,1.6,Flex,Manual,Elétrica,Branco,4,5,1,1,1,1,0,1,1,1,0,0,45000.0
PEUGEOT 208 ALLURE 1.6 FLEX 16V 5P AUT.,PEUGEOT,2020,42000,1.6,Flex,Automático,Elétrica,Branco,4,0,0,0,0,0,0,0,0,0,0,0,60000.0
PEUGEOT 308 ACTIVE 1.6 FLEX 16V 5P MEC.,PEUGEOT,2014,91911,1.6,Flex,Manual,Hidráulica,Branco,4,6,1,1,1,1,1,1,1,1,1,0,45500.0
PEUGEOT 207 SEDAN PASSION XR 1.4 FLEX 8V 4P,PEUGEOT,2010,1111111111,1.4,Flex,Manual,Hidráulica,Cinza,4,2,1,1,1,1,1,0,1,1,0,0,19000.0
PEUGEOT 408 SEDAN ALLURE 2.0 FLEX 16V 4P MEC.,PEUGEOT,2012,111953,2.0,Flex,Manual,Hidráulica,Verde,4,7,1,1,1,1,1,1,1,1,0,0,24500.0
PEUGEOT 207 XR 1.4 FLEX 8V 5P,PEUGEOT,2012,0,1.4,Flex,Manual,Hidráulica,Branco,4,8,1,1,1,0,0,0,0,0,0,0,17000.0
PEUGEOT 206 FELINE 1.4/ 1.4 FLEX 8V 5P,PEUGEOT,2010,139197,1.4,Flex,Manual,Hidráulica,Prata,4,9,0,0,0,0,0,0,0,0,0,0,13500.0
